Ulasan;layanan;fasilitas;kebersihan;makanan
Belum chekout kamar sudah di bersihkan tanpa permisi;1;0;0;0
Menginap selama 3 hari 2 malam.sangat menyenangkan.pelayanannya bagus.housekeeping nya juga ramah kamar dibersihkan dengan baik seprai diganti semua minuman direfill.Kamar bersih dan air hangatnya juga berfungsi dengan baik.pool nya bersih tidak kotor tersedia handuk di pool jadi pada saat berenang tidak perlu bawa handuk dari kamar...;1;1;1;0
parkiran motor jauh, saran saya taroh di basement.;0;1;0;0
Hotel yang pas untuk transit. Lokasi mudah di jangkau. Semua fasilitas berfungsi dengan baik.;;1;0;0
good service dan ga mengecewakan;1;0;0;0
Tetap pilihan pertama untuk memilih hotel dengan fasilitas terbaik dan harga terjangkau;0;1;0;0
kamar bersih, pelayanan oke, sarapan juga enak. saya dapat kamar 1023 dan sempat ada nyamuk 1 yg berkeliaran tapi ga mengganggu karna berhasil saya tepuk;1;0;0;1
Sangat Bagus Kamarnya dan juga pelayanannya;1;0;0;0
Bakal kesini lagi.. sarapannya enak enak lengkap, kamarnya bersih, wangiiii... Kolam renang nya bisa dipakai, bersih... Pokoknya de best... bakal kesini lagi sih. Terjangkau banget harganya gesssssssss;0;1;0;1
Staycation saya dan keluarga di sentral cawang kali ini mendapatkan pengalaman yang benar2 sangat BURUK terutama untuk pelayanan dan fasilitasnya sangat BURUK.. Seperti biasa sebelum booking saya WA dulu ke pihak sentral cawang untuk menanyakan dan memastikan apakah semua fasilitas yang ada di hotel bisa digunakan di tanggal saya nginap terutama untuk kolam renang.. saya sering nginap disini dan saya setiap mau booking hotel ini saya WA dulu untuk memastikan semuanya. Karna tujuan saya staycation 3 hari 2 malam adalah untuk membawa anak saya berenang. Dan balasan WA dari pihak sentral cawang adalah untuk fasilitas kalom renang bisa digunakan ditanggal saya menginap.. Sedangkan realitanya dari hari pertama saya staycation sampai pulang kolam renangnya tidak bisa digunakan. - Hari pertama kolam renang kotor dan sedang dibersihkan. - Hari kedua katanya mau di uji dulu airnya takutnya bisa bikin gatal2 dan katanya sore sudah bisa digunakan.. sorenya saya tanya lagi katanya besok baru bisa digunakan jam 9 nanti langsung aja turun untuk berenang. - Hari ketiga benar kolam renangnya sudah bisa digunakan tapi ternyata kolamnya sudah dibooking untuk pelatihan. Dan kita yang nginap ga boleh memasuki area kolam renang karna kolamnya dibooking. G*** kita juga bayar wooooiiiii bukan gratis kalau memang kolam renang ga bisa digunakan jangan balas WA saya bilangnya kolam renang bisa digunakan dong... Buang2 duit cuma untuk tinggal di kamar doang.. G***** Oh Ia dan di hari pertama, kamar yang kita tempatin juga bermasalah air panasnya ga berfungsi. kita nunggu sampai 3 jam untuk air panasnya dibenerin mereka bolak balik kamar mandi buat benerin air panasnya sampai2 kamar mandi kotor banget & buntut2nya kita harus pindah kamar.. G*** ga tu? Kita harus nunggu sampai 3 jam, padahal mereka bisa aja langsung pindahin kamar kita tanpa harus bikin kita nunggu 3 jam.. Restoran juga katanya 24 jam suami saya pesan makan jam 2 di tlp2 ga ada yang angkat dan terpaksa suami saya turun ke restoran tenyata yang jaga lagi nongkrong di depan pintu masuk makanya ga dengar kalo ada yang Tlp dan ternyata ga bisa order makanan dong.. Benar2 kali ini saya sangat KECEWA dengan Sentral Cawang..;1;1;1;0
Ayan gepreknya juara cuma 30k gilaakk murah abes!;0;0;0;1
Mantaaappppppppppppp;0;0;0;0
top lah pkknya;0;0;0;0
Kamar bagus, kolam renang lumayan, airnya mungkin bisa lebih diperhatikan agak kotor pelayanan luar biasa ramah ??;1;1;1;0
Lokasinya strategis, di depan ada shelter bus ke bandara, kamarnya nyaman dan aman, lingkungan asri serta petugasnya sopan dan murah senyum. Pertahankan terus yg baik ini, semoga hotel central cawang sukses dan jaya selalu..;1;1;0;0
GM tidak menggunakan Masker ketika cek di area restoram, termasuk ketika menyapa Tamu, GM atas nama Pak Gigih. Pelayanan resepsionis jg sangat buruk;1;0;0;0
selalu oke semuanya;0;0;0;0
okokokokokokokokokok;0;0;0;0
Dimulai dari check in, ternyata access keynya gak bisa, dan saya telpon saya disuruh ke bawah, dr lantai 12, lalu kata satpam emang biasa begini. Lalu makan sore, pesan menu standar, 1 jam baru dateng itu makanan, dalam keadaan dingin. Padahal saat itu yg dine in cuma 5 orang termasuk saya dan suami. Katanya resto ini 24 jam, oke dong setengah 4 pagi pesan makanan, taunya sampai setengah 6 makanan gak dateng dateng, ditelpon terus dari kamar gak ada yg abgkat, akhirnya coba telpon pake hp di angkat dong. TAU GAK APA KATANYA: LUPA. LUPA MEN, suami saya mau berangkat pagi even kami punya kupon breakfast. Di jam 6 akhirnya ada pelayanan nganterin sarapan, tapi suami sama saya juga udah gak mood dan Buru Buru. Padahal harga kamar kami hampir 500 loh, tapi pelayanan buruk, resepsionis juga gak ada ramah ramahnya. Gak rekomen.;1;0;0;1
pelayanan bagus, nyaman;1;0;0;0
good dan mantap sekali;0;0;0;0
check in cepat, kamar bersih;0;1;1;0
hotel yang sangat bagus dan sangat strategis;0;0;0;0
mantap gk nyesal pilih SC HOTEL buat stay cation;0;0;0;0
nyaman, bersih, free parking;0;1;1;0
fantastic bgt.. thanks;0;0;0;0
uwawwwwwwwwwwwwwwwwwww;0;0;0;0
untuk Sekelas hotel ini, sangat memuaskan staff ramah dan menyenangkan, makanannya enak banget;1;0;0;1
mantap, ada kolam nya;0;1;0;0
bangunannya bagus, bersih. staff pelayannya ramah, mulai dari security di pintu masuk sampai di dalam hotel. cuma sayang waktu chek in agak lama karena antri;1;0;1;0
nyaman ???????????? dan lokasi strategis ??????????;0;0;0;0
Bersih, bagus dan lokasi strategis;0;0;1;0
Ac nya pnass pas mau cek in reseption nya cewe judes bgt jelas2 minta lantai atas dikasi yg bawah padahl uda beli jauh2 hari alasan kmar penuh tau2 yg inap ja sepi, Sower nya bocor. Sikat giginya kek bekas pke soalnya odolnya uda kebuka. Bisa2 dibungkus rapi pke plastik seaka2n bru.Stafnya ramah2 cuma satu cewe di reseptionya judes bgt;1;1;1;0
ini kedua kali sy nginep disini, yang pertama masih oke diminta in deposit 100 rb , tapi pas nginep kedua kali agak kesal sih baru kali ini dimintain deposit sama resepsionis yg cwe 200 rb utk sekelas hotel dibawah bintang 4 yang menurut sy sih biasa aja . tolong management nya perbaiki .;1;0;0;0
kamar cukup luas, fasilitas lumayan lengkap. hanya saja tempat parkir agak jauh dari lobby hotel;0;1;0;0
mohon maaf sebelumnya,, saya kasi ulasan supaya lebih baik kedepannya. untuk resepsionistnya mohon ditingkatkan keramahannya, jng jutek melayani tamu. saat saya pesan hotel dari aplikasi tiket.com , tiket sudah terbit. sementara saat saya check in ke hotel, resepsionis nya bilang kamar yg pesen blom ready, dan katanya beda pesen dari aplikasi tiket.com dengan pesan langsung.. bingung akutu. saya ga mau dong, nginap di kamar yg smoking. krn saya alergi asap rokok. makanya sebelumnya saya pastiin ruangan no smoking. tapi resepsionistnya jutek bet.. aneh ya, sekian hotel yg saya kunjungi blom pernah ada resepsionis kek nyepelein tamu gt. senyum sinis lagi.. ya owohhh... trus pas pagi2, mau sarapan. paket sarapannya ada 2. paket A dan paket B. karena kita pesen kamar yg diskon dari tiket.com jadinya kita ditawarin sarapan paket B yg lebih murah... tanpa pemberitahuan pas saat check in. dalam hati,, kejam amat ni hotel. kita udah sering pesen tiket yg promo utk staycation, ga pernah dpt perlakuan begini. tapi ya udah gpp... ikutin aja. nah,, setelah itu.. yg bikin emosi adalah... kita udah ga protes tuh sarapan dibeda2in.. tapi lbh dari setengah jam kita nungguin sarapannya ga dianter2 ke meja. gimana coba. laparrr bercampur kesal. sementara yg baru datang kita lihat duluan dilayani. apakah krn kita pesen hotel yg diskon jadi begini ya??? mohon maaf sebelumnya.. tapi saya harus kasi masukan utk pelayanannya agar supaya lbh baik. krn hotel adalah perusahaan jasa. yg dinilai pertama adalah pelayanannya. kalau pelayanannya baik dan bersahabat, kekurangan yg lain pasti termaafkan. ohh iya,, pas mau pulang saya salut sama SPV atau keknya Bosnya lah gt ya. dia mau bagi2 minuman kepada tamu saat menunggu di lobby hotel. mudah2an semua karyawannya meniru bapak itu. Good.;1;1;0;1
Service ramah, kamar bersih jarang jarang ada hotel yg menyediakan guling;1;1;1;0
sudah bbrp kali stay di sini.. ok bgt hotelnya;0;0;0;0
mantaaaaaaaaaaaaaaap;0;0;0;0
Buat staycation worth it banget sih. fasilitas di kamar berfungsi semua. ac nya dingin. kamarnya bersih. tv semua channel nyala. peralatan mandi lengkap. kamar mandi nya bagus ada sekat toilet dan untuk mandi. air panas nya berfungsi. Ga nyangka banget harga segitu dapet fasilitas selengkap ini di jkt. dan ada kolam renang nya. semua staff nya ramah. check in ga ribet. Bagus banget pokonya pertama kali dan ga mengecewakan..;1;1;1;0
Gilaaaak sih ini aplikasi, harga berapa udah nice banget dapet pelayanan dan kamar yg ajib;1;1;0;0
Mantap pkoknya bakal balik lagi;0;0;0;0
Dengan harga segitu ini sangat worth it fasilitas dan pelayanannya, terutama parkir sangat luas dan proses check in cepat. AC dingin dan kamar bersih, namun perlu ditingkatkan bagian customer servicenya saja, krn setiap ditelfon dr kamar harus berkali2 baru dijawab.;1;1;1;0
sofar kamar ok, bersih, nyaman;0;1;1;0
asik bgt tempatnya sangat worth it;0;0;0;0
hotel yang pas buat staycation!;0;0;0;0
bagus... cuman ya bgtunutk bersihkan kamar ga perlu bcr tlp;0;1;1;0
Overall is good. Cuma makanan ditingkatin lg aja rasanya, sama acnya ga terlalu dingin banget tapi bagus kok difoto kecil aslinya gede kok bagus lah pokoknya recomended utk staycation;0;1;0;1
nyaman, aman dan bersih;1;0;1;0
Lokasi sangat strategis;0;0;0;0
fasilitas, pelayanan, & kebersihan sesuai harga worth it lah.;1;1;1;0
Pelayanannya memuaskan, kamar bersih, harga terjangkau;1;1;1;0
hotel yg bagus , petugas ramah2 , fasilitas kamar ok , breakfast ok;1;1;0;1
hanya hadir drayer saja yg tidak bisa selebihnya wokeh,makanan juga rekomendasi;0;1;0;1
Kamar lantai 8 tempat tidurnya enak tidak kempes, handuknya baru, tempat sabun suka lepas dan susah keluar sabunnya, cahnel TV kosong cuma iklan Hotel aja kalah sama losmen dan kost kosan;0;1;0;0
Cuma kamar di lantai 8 saja yg kasurnya enak dan tidak kempes, tempat sabunnya sering susah digunakan, chanel TV ngk ada siarannya;0;1;0;0
Fo sering antri pas check in, mau naek kamar hrs tgu kunci dari fo kalau pas turun setelah ambil gofood, chanel tv kosong chanel ngk ada, toilet di kamar mandi tempat sabun sering ngk bisa keluar sabunnya, sering tdk terinput tiket parkir di pos parkir;1;1;0;0
Service fo baik ramah cuma sering antri yg di desknya sering ada hanya satu petugas, chanel tv banyak yg kosong di lantai 8;1;1;0;0
kereeen;0;0;0;0
nyamaaannn bgt tempatnya;0;1;0;0
nyaman bangeett, makanan enak, staf ramah.;0;1;0;1
Ini yg kedua kali menginap di hotel Sentral Cawang. Lokasi hotel strategis, dipinggir jalan didaerah Cawang. Dekat halte busway. kamar hotelnya bersih dan kekinian. Cuma dikamar saya tidak ada arah kiblat. Mesk sayai bisa liat di aplikasi arah kiblatnya, Tapi ada baiknya diberikan arah kiblat agar yg menginap bisa tahu dimana arah sholat. Makanan so far so good. Pilihan menu lumayan banyak. Ada kolam renang dan disiapkan handuk. It is recommended hotel;0;1;1;1
?????????? mantappp nyaman;0;0;0;0
mntappppp nyamannn asik;0;0;0;0
bersih nyaman dan murah..sarapan pagi nya enak;0;1;1;1
Staffnya ramah ramah sekali.. sangat membantu, tempatnya nyaman, kalau butuh apapun dilayanin dengan sangat baik;1;1;0;0
restoran slow respon klo ditelpon dari kamar;1;0;0;0
slow respon reception nya utk angkat tlp;1;0;0;0
Sangat nyamannn, bersih dan bikin gamau pulang!??;0;0;1;0
always sukaa;0;0;0;0
dapat kamar yg diinginkan. pelayanan resepsion yg memuaskan. cuma terkendala dlm penggunaan wifi ny saja. kurang penjelasan detail ttg username dan password ny;1;1;0;0
mantapp rekomen untuk staycation bareng kawann;0;0;0;0
Azaaaaaaaaaaaaaaaaaaa;0;0;0;0
Bagus, hotelnya bersih dan tidak bau. Dr foto keliatan kecil ternyata lumayan luas kamarnya. Pelayanan nya ramah tapi agak slowrespon kalo butuh apapun telpon ke resepsionis ga diangkat.;1;1;1;0
good placeeeeeeeeeee;0;0;0;0
Cukup sekali dan terakhir kali nginep disini! Berawal dari booking karena ngeliat harga terjangkau dan tujuannya pengen berenang, pas nyampe kolam renangnya KOTOR BANGET WARNA HIJAU, isinya lumut semua dan sirkulasi gak jalan. Akhirnya langsung complain dan keesokan paginga kolam udah biru, tapi pas mau berenang ternyata baru bisa dipake sore (alias saya udah checkout), ditambah lagi AC gak dingin sama sekali, panggil teknisi disuruh pindah kamar, ke kamar yang baru juga gak langsung dingin dan baru dingin di pagi harinya doang. Ditambah lagi ojek online GAK BOLEH ANTER MAKANAN KE LOBBY, jadi tiap pesen makanan harus jalan kaki ke depan gerbang.;1;1;1;0
Mantap dan murah ...;0;0;0;0
so far sudah bagus tetapi ketika tlp resepsionis tidak ada yang angkat;1;0;0;0
bagus, pemandangan apik dari lantai 16. kamar bersih dan pelayanan bagus. hanya air kolam renang mohon dibersihkan ya;1;1;1;0
baguuuuuuuuuuuuuuuuuuuusss;0;0;0;0
Staf Ràmah, bersih dan fasilitas oke;1;1;1;0
Baguuuuuuuuuuuuuuuuuus;0;0;0;0
suka banget;0;0;0;0
Keren bgtttttt!!!!!!!!!!!!;0;0;0;0
Gooooooooooooooooood;0;0;0;0
Tempat nya bersih rapih dan nyaman, wifi nya lumayan kenceng, view nya juga lumayan kalo pagi. Cukup recommended. Mungkin selain pengering rambut, ditambah setrika juga kali ya untuk kita yg staycation pasti butuh bgt ??;0;1;1;0
seneng bgt krn dapat voucher makan malam gratis ??;0;0;0;1
overall semuanya mantap,, hanya kulkasnya aja ga dingin sama sarapan lebih diperbanyak lagi variasi menu side dish nya;0;1;0;1
Lumayanlah buat singgah dan transit;0;0;0;0
tempatnya strategis.. kamarnya bersih.. gak pernah bosen nginep disini;0;1;1;0
Mantul... Ramah...;0;0;0;0
Menyenangkan, akses transport umum mudah. Kemana2 jadi gampang. Staff ramah. Kamar bagus.;1;1;0;0
Baru nginep pertama kali disitu, pas bangun tidur lengan gatel2 muncul biduran. Kasur krg bersih, air jg krg bersih;0;1;1;0
Lokasi oke, kamarnya juga bersih tapi ac bermasalah, saat malam sekitar jam 11 telfon fo untuk panggil engineering staff untuk di check dan engineering datang membersihkan. 5 menit sudah normal tapi kembali panas, karena sudah malam akhirnya dibawa tidur. Tiba-tiba mati listrik sekitar 10 menit, sampai sesak rasanya tidak ada udara karena jendela memang tidak bisa dibuka dan tidak bisa kemana mana. Setelah listrik kembali menyala 5 menit kemudian mati lagi listrik walaupun tidak selama yang awal. Setelah itu jam 4 pagi ac panas sekali sampai sesak karena sempat mati lampu dan ac memang bermasalah. Telfon ke fo dan baru bisa diganti ke kamar baru.;1;1;1;0
good,lokasi strategis,kamar oke fasilitas lumayan lengkap;0;1;0;0
mantap pisan euyyyyy;0;0;0;0
mantep, pelayanannya oke bgt;1;0;0;0
sering banget nginep disini semuanya bagus pdhl tapi baru kmrn kecewa sudah daftar parkir pas mau keluar beli makan malah kena 14k bukan apa² tapi ko gak sesuai aja ya. pas pulang ny juga gtu kena charge lg tp lgs komplen trs bapak penjaganya ke reception dan akhirnya jd free trs di lt 12 banyak semut alus² itu risih banget selebihnya nya sih bagus untuk kue² tolong ditingkatkan lagi cakenya hanya itu² trs;1;0;0;1
tempatnya enaaak bgt pemandangan juga keren. yang kurang cuma satu kalau ada titipan makanan ojol ribet . karena ga ada pos satpam;0;1;0;0
Bagus cuman air nya kurang panas aja;0;1;0;0
pegawainya ramah2. ok semuanya;1;0;0;0
Bagus nyaman aman;0;1;0;0
pelayan ok, dan tempat strategis;1;1;0;0
mau crita sdkit.....sy sdh sering stay di SC...jd...x ini check in di tgl 10 - 12 maret..sy di t4kan di kamar 1205...saat check in sy sdh dftrkan nopol kemdaraan sy spy bs dpt free. parking...tgl 11 sy ttpkan kunci kamar ke front office dan mlmnya saat sy ambil kunci..sy cb make sure kembali ke petugas front office ( org yg sm saat sy check in ) utk mennyakan apalah sy sdh memdftarkan nopol kendaraan sy...dan petugas tsb mnjwab sudah. tp pas sy check out di tgl 12...petugas parkir tny mau byr pke cash atau flash ? sy blg sy sdh dftr kan nopol kndaraan saya saar check in namun petugas tsb blg blm terdftr dan meminta sy utk ke front office...sementra swami sy sdh ada janji jam 10....dan sy tdk.mau debat pnjang soal ini,sy pun mmbyar sebesar 37rb....entah siapa yg salah????????;1;1;0;0
oke.. ganyangka sebagus inii utk hrg dan fasilitas ginii..;0;1;0;0
pelayanan maksimal;1;0;0;0
bagus cuma air panasnya controlnya udh agak gabener ya tolong diperbaiki;0;1;0;0
pelayanan baik dan fasilitas juga baik;1;1;0;0
ada rambut dikasurnya;0;0;1;0
sarung gulingnya aja yg ga nyantai, selebihnya ok.;;0;;
nginep disini karna besok pagi mau sidang skripsi. posisi meja+kursi nya aku suka. pencahayaan dari jendela nya pas (muantab). laper tengah malem jg bisa pesen makan, rasa masakan nya lumayan, harganya ga mahal2 amat. kenyamanan tidur oke bgt, cuma shower nya agak unik buat saya ?? yaaa, utk rating aku pribadi sih overall 8 dari 10 lah ya xixixi. thanks ??;0;1;0;1
kereeeenn;0;0;0;0
Okkkkkkkkkkkkkkkkkkk;0;0;0;0
Taprapmanraptampaaaaaamantapdeh;0;0;0;0
hotelnya enak, pemandangan city view dapet, bersih, nyaman. terus juga makanannya enak. murah banget dan makanan semua udah include pajak. xixi yummy;0;1;1;1
nyaman buat istrhat sejenak;0;1;0;0
Pelayanan baik dan kamar bersih;1;0;1;0
Luas kamar cukup untuk 2 orang;0;1;0;0
harga nya terjangkau kamar nya bersih enak dan nyaman yg paling penting makanan nya enak dan murah ...selalu nginep;0;1;1;1
Bagus banget,,,,,,,,,,,,,,,,,,,,;0;0;0;0
kesekian kalinya;0;0;0;0
Kamar cukup luas lebih dari perkiraan, kamar mandinya unik. Dapat view keluar bagus, pegawai sangat ramah. hanya sayang kalau parkir motor rada jauh (memutar).;1;1;0;0
Bersih dan ramah seperti biasa;1;0;1;0
Oke semuanya makanan enak juga;0;0;0;1
Bagus, bersih, baik, ramah, cepat, nyaman;0;1;1;0
seperti biasa selalu nyaman. apalagi untuk staycation hari ini dpt free dinner. makan bebek betutu dan suami makan bebek goreng langgeng nya resto tebu sentral cawang. enakkk banget. karyawannya ramah². recomended hotel banget²;1;1;0;1
"Calm but Strategis, Bersih dan Mudah diakses. Deket dengan tol. Paling penting; Terjangkau.";0;1;1;0
mantab;0;0;0;0
petugas tidak sigap, di complain tp tetap no response;1;0;0;0
Cuma 1 yg kurang, toiletnya sempit..;0;1;0;0
terbaik pokonya…;0;0;0;0
wah mantap banget sih nginep disini;0;0;0;0
Kurangnya hanya di breakfast saja. Sangat sedikit dan variannya sgt kurang. Rasa jg hambar. Tapi keseluruhan sangat bagus;0;0;0;1
murah bgt . udh dpt dinner n breakfast;0;1;0;1
bersih,nyaman dan lokasi strategis;0;1;1;0
hotel yang nyaman, bersih, furniture baru dan kamar luas. staff yang ramah. pokoknya sangat puas bisa mengnap di hotel Sentral Cawang;1;1;1;0
hotel budget yang bagus dan nyaman;0;1;0;0
sentral cawang sudah bagus namanya..dan sya sdh sering menginap dan baru kali ini sya dimintakan parkir sedangkan disistem no kendaran sdh trdaftar dan sya brharap jgn ad oknum2 sprti itu nama sentral cawang jadi sangat jelek reputasinya,,sya brharap kedepannya tolong diperhatikan yg atas nama sobirin securparking..krna org ini sudah buat pengujung sdh tidak nyaman..krna disaat kluar parkir kita diminta bayar sebesar 8rb,tp saat sya mau masuk untuk menanyakan tiket parkir ke repsionis oknum itu memanggil sya lg dgn alasan tiketnya sdh trdftar..dsni bukan masalah uangnya tetapi cara oknum ini yg biKin nama sentral cawang jadi kurang baik..nama oknum yaitu sobirin;1;1;0;0
kulkasnya tidak berfungsi, dan parkiran motor tidak ada atapnya, tapi fasilitas lainnya OK kamar bersih, lokasi sangat strategis karna hanya 2 menit jalan kaki dari halte TJ BNN.;0;1;1;0
Okeeeeeeeeeeeeeeeeee;0;0;0;0
sangat oke;0;0;0;0
Lebih baik pesan dari online si karna kalau langsung pesan dari hotel mahal bangettttttt. Kmrin pesan di hotel nya langsung 700 an sedangkan pesan dari online per malam hanya 300 an. Makannya nyesal si pesan secara langsung tp yaudahlah. Aku pergi ni sama pasangan saya keluar cari makan ehhh balik ke kamar uda bersih aja. Saya gak tau si kenapa cleaning service nya bisa tau kalau saya dan pasangan itu lagi gak dikamar. Padahal saya juga gak ada kasi tau ke resepsionis nya kalau saya mau kluar. Tapi saya puas si staycation di sini. Resepsionis juga ramah dan cepat tanggap.;1;0;0;0
bagussssss bersih nyaman;0;1;1;0
lokasinya strategis bgt....kebersihan kamar oke...pelayanannya juga oke bgt.;1;1;1;0
kesekian kalianya staycation disini gk bosen;0;0;0;0
Aku dan keluarga udah sering banget staycation disini.. Mulai dari fasilitas & layanannya top deh pokoknya ?? Kenapa sering nginap disini karna dekat banget dari rumah ??;1;1;0;0
Baik dan memuaskan nginap disini;1;0;0;0
okokokokokokokokokokok;0;0;0;0
Bersih, lokasi strategis, harganya terbaik;0;1;1;0
overall oke utk semuanya;0;0;0;0
Ga ada sabun dan shampo;0;1;0;0
Free parkir bilangnya sudah diinput, ternyata pas pintu keluar bilangnya belum diinput.;0;1;0;0
perjalanan yang menyenangkan dan sangat seru.;0;0;0;0
oke banget;0;0;0;0
Sesuai dengan permintaan.. good job;0;0;0;0
so so so so so good???? terutama kebersihannya;0;0;1;0
Kamarnya ac nya panas dan bau rokok, uda minta pindah kamar tetep aja pnas wkwk;1;1;0;0
keren;0;0;0;0
kamar cukup besar. tapi sayang ac kurang dingin. mini coller jg rusak. udah telp minta di tukar tapi sampe pulang ga dpt. alhasil makanan ku basi. kolam renang besar sayang nya tdk ada kolam kecil buat anak2. kolam ada lumut lumut yg tergenang. ( stay di lt 10 ) overall lumayan d.;1;1;0;1
Kece pake banget, hotel yang rekomendasi buat temen-temen lainnya. pelayanan yang ramah dari petugasnya, ruangan nyaman. asik buat healing.;1;1;0;0
lumayan bagus, hanya saja kolam renangnya banyak lumut. but its okay tv di kamar tdk ada hdmi dan gak bisa jg connect ke hp/laptop.;0;1;1;1
Mantappoppooloplosnshwbjs;0;0;0;0
pelayanan Oke. kebersihan Oke.. cuma sayang house keeping kurang sopan karena bisa buka kamar langsung saat pintu belum dibukakan.harusnya kan tetap menunggu sampai dibukakan pintu.;1;0;1;0
kamarnya oke,dan air panas nya pun mantap,yang kurangnya saya bawa mobil pribadi ternyata karcis mobil harus di daftarkan berkali-kali padahal harusnya kalau dari awal sudah di daftarkan tidak perlu mendaftarkan lagi,tinggal dilihat berapa lama menginapnya saja,hingga saya harus bulak bali ke resepsionis untuk stempel dan yang pertama karena terburu-buru saya harus membayar parkir saja 90 ribu rupiah,,sedikit kecewa si,untuk makanannya menu nya setiap hari sama terus cuma beda ayam di goreng atau di apa gitu,itu aja selebihnya sama...kasih menu yang berbeda2 apa lagi dengan tamu yang menginap lama;1;1;0;1
Mantap nyaman banget seru;0;0;0;0
Mantap, nyaman. Bersih dah pokoknya;0;0;0;0
nyaman,dekat kemana saja,pusat kota;0;1;0;0
mantap????????????????????????????????????????????????????????????;0;0;0;0
overall semua oke,, cuma ga pesen yg sama breakfast Krn kerja;0;0;0;1
Kawasan strategis kebetulan sekalian jaga orang tua dekat.RSPON;0;0;0;0
Cakep.. Bersih... ada makan malam gratis bagi yg terpilih, sedikit ada semut bila taruh makanan dimeja;0;1;0;1
Kamarnya nyaman dan bersih akan tetapi ac nya kurang dingin, dan untuk makananya ditingkatkan lagi ya untuk rasa nya karena saya memesan tongsen itu manis gak pede jadi rada gak enak di lidah;0;1;1;1
kamar bagus, pelayanan ramah bisa early check in selama kamar sudah kosong. mantabbb bsk bakala kesini lg;1;1;0;0
Sarapannya tidaj terlalu banyak yg bisa dipilih, tapi enak;0;0;0;1
Oke. Parkiran Luas. Cuman proses check-in agak lama;1;1;0;0
Good experience, tempat bersih, pelayanan ok.;1;0;1;0
Nyaman bangettttt, next bakal jadi langganan;0;0;0;0
baik pelayanannya jg bagus;1;0;0;0
fasilitas sesuai dengan harga;0;1;0;0
2x menginap disini.. kamarnya Oke bersih.. suka dengan kamar mandinya.. kolam renangnya pun panjang.. jadi puas untuk bolal balik ( saat sepi ) makanannya oke...perbanyak variasi klo bisa;0;1;1;1
lumayan, AC tidak terlalu dingin dan channel TV sering macet-macet.. selebihnya mantap, makannya enak;0;1;0;1
bagus, ramah, makanan enak;1;0;0;1
Bagus, anak saya senang;0;0;0;0
keren sih view nya.. apalagi pas sunset ?;0;1;0;0
Terbaik,nyaman banget;0;0;0;0
okeeeeeweewwew.......;0;0;0;0
bagus, kamar bersih;0;0;1;0
Kamarnya enak bgt.. bersih bagus. Pokoknya suka deh. Bakal balik lagi kesini buat staycation;0;1;1;0
Saran kalau bisa untuk resepsionis lebih dri satu org krna lagi pandemi gini ksihan klu ngantri yg panjang dan dekat2an;1;0;0;0
wifinya kurang bagus tolong di kencengkan ,buat kerja suka jadi bermslah;0;1;0;0
bersih, pelayanan baik dan staff ramah. nyaman dan aman;1;0;1;0
kamar bersih nyaman rapi walo kamar mandi nya sempit room 1025 ac nya kurang dingin selebih nya ok;0;1;1;0
bagus bersih ramah rapih;0;0;1;0
kamar bersih.pelayanan oke.semua diganti setiap hari;1;1;1;0
Hotelnya sangat nyaman dan asri, pelayanannya pun sangat memuaskan dan kamarnya sangat rapi dan sejuk;1;1;0;0
Mantap terbaik di jaktim;0;0;0;0
Kebersihan oke, namun untuk breakfast petigasnya lambat;0;0;1;1
kamar bersih, luas, nyaman. ada kulkas bar juga tapi rusak. sayang nya CSnya kurang ramah. hh;1;1;1;0
untuk makan breakfast perlu di tingkatakan variasinya dan rasanya sja, untuk service di resto SANGAT BAGUS, receptions satu cewe nyolot sdh jelas dia yg salah check jadwal saya menginap e* dia kekeh saya tunjukkan KODE BOOKING SAYA BARU DIA OK.. KOCAK SI INI;1;0;0;1
lokasi strategis, kamar bersih;0;0;1;0
bagusssssss...............................;0;0;0;0
fasilitas dan harga sesuai;0;1;0;0
Harga dengan fasilitas lebih yang tersedia ????????;0;1;0;0
is the best dg harga yang terjangkau fasilitas oke dengan dapat promo tiket.com;0;1;0;0
Hotelnya asri, pelayanannya sunggu memuaskan;1;1;0;0
paling nyaman, tapi varian makanan kurang banyak ngga sebanyak kayak pas jaman masih belom ganti nama;0;1;0;1
diluar ekspetasi, room nya luarrr biasa baguss, lengkap dan nyaman, semurah ini bisa dapat layanan dan fasilitas lengkap;1;1;0;0
Hotelnya asri, pelayanannya sangat baik dan sangat nyaman untuk ditempati;1;1;0;0
Servicenya baik dan kamarnya bersih, nice...;1;0;1;0
Pelayanannya sangat baik sekali;1;0;0;0
Hotelnya asri, layanan nya mantap, suka hotel ini;1;1;0;0
bagusssssssssssssssssss;0;0;0;0
kamar super bersih,wangi dan asli bikin nyaman bgt... recomended deh pkknya ini hotel asli...;0;1;1;0
nyaman... dan ditingkatkan lagi;0;0;0;0
pelayanan baik..nyaman dan kamar bersih;1;0;1;0
kamar bersih, kamar mandi bersih, pelayanan baik, over all good??;1;0;1;0
bagus n bersih sekali;0;0;1;0
good service semoga kedepannya lebih di tingkatkan lagi utk makanan nya;1;0;0;1
Fasilitasnya sangat lengkap untuk hotel bintang 3, staf ramah dan cekatan. Recommended pokoknya.;1;1;0;0
not bad lumayan bagus;0;0;0;0
so far bagus strategis lokasinya. tapi ruangan agak sempit dna kamar mandi kurang proper;0;1;0;0
bagus bagus bagus bagus;0;0;0;0
udah kesekian kalinya nginep disini. selalu memuaskan;0;0;0;0
Yang kesekian kalinya, super service utk segalanya : harga terjangkau, layanan fo nya cepat, makannya dg menu yang enak n variatif, kamar n kmr mandinya utk kebersihan didlmnya membuat nyaman. sprei handuk baru semua, ac super dingin. Terimakasih manajemen hotel n tiket.com;1;1;1;1
bagus sih kolam terlalu dalam kulkasnya aja ga berfungsi;0;0;0;0
pelayanan memuaskan dan menyenangkan;1;0;0;0
bagus dpt lt atas bisa liat pemandangan kota. minus di kulkas nya aja sih ga berfungsi. yg lain okelah;0;1;0;0
agak membingungkan utk kami krn cek in sdh lewat pk 23 tapi kamar blm siap...;1;0;0;0
sangat nyaman dan pelayanannya bagus;1;0;0;0
berkualitas dengan harga termurah;0;1;0;0
warbiasah aman dan bersih;0;0;1;0
baguss, memenuhi ekspektasi sih;0;0;0;0
pelayanan bagus, tempat nya bersih??;1;0;1;0
Overall cukup bagus. hanya utk menu breakfast perlu dibuat lbh bervariasi;0;0;0;1
best! cuma kulkas ga berfungsi. sedih.;0;1;0;0
overall cukup memuaskan menginap dsini, alasannya: kamar bersih, cukup luas juga, view dr kamar cukup menyenangkan, lokasi strategis, sarapannya juga bervariatif, saat komplen masalah ac tanggapan cukup cepat minusnya : 1. ac dikamar kurang dingin, pdhl sdh smpat di tangani.. 2. kolam renang airnya tidak bersih.. (mungkin krna lg ramai pengunjung jg) tp gpp.. tetap cukup memuaskan, dan maybe someday i'll be back ??;0;1;1;1
Ga pernah bosen nginep disini;0;0;0;0
lokasi strategis tengah kota cari apa2 gampang, pelayanan nya the best ,;1;1;0;0
deket dengan bandara;0;0;0;0
mantab, bagus, makanan enak;0;0;0;1
lumayan nyaman bersih;0;0;1;0
ok tapi tetap perlu ditingkatkan;0;0;0;0
Nostalgia sama hotel ini tapi semakin tahun keadaanya makin buruk;0;0;0;0
lumayaaaaaaaaaaaan enakkkkkk;0;0;0;0
Bagus sih, sudah 2x menginap disini. Tapi karna kemarin lagi tahun baru jadi proses check-in lama sekali sampai setengah jam. Padahal datangnya jam 4 sore. Lalu speed internetnya slow sekali. Buat streaming nonton film ngga bisa sama sekali. Tapi ya itu, balik lagi, mungkin karna lagi full occupancy juga weekend itu.;1;1;0;0
makanan enak, wifi oke, sayangnya restonya pelayanannya lelet , 3hr 2mlm ada aja gitu lama bgt...;1;1;0;1
"mau pesen makan kamar TLP ke room service berkali"" bahkan sampe lebih dari 10x TLP gak di angkat sampe akhirnya pesen makan online";1;0;0;0
wifi tidak tersambung;0;1;0;0
Overall pelayanan nya baik, hanya AC di smoking room panas ??;1;1;0;0
Kenyamanannya sangat memuaskan;0;0;0;0
view city light kereeeeeeeeeeeeeen;0;1;0;0
mantap rekomendasi banget;0;0;0;0
kamarnya bersih fasilitas ok view bagus pelayanan juga ok;1;1;1;0
selalu OKE apapun fasilitas dlm kamarnya...tingkatkan terus;0;1;0;0
Sangat bagus dan tempatnya bersih sekali;0;0;1;0
bersih, nyaman.. tempat untuk beristrahat sangat rekomend;0;0;1;0
bersih bangeeeeeet, pelayanan cepat;1;0;1;0
excellent sangat bagus;0;0;0;0
Kamarnya enak, staffnya ramah, kolam renang dan lapangan rumputnya juga keren. Cuma menu sarapan dan wifinya perlu ditingkatkan.;1;1;0;1
makanan perlu di tingkatkan;0;0;0;1
okelah sesuai harga, hanya AC aja ga dingin harus diupgrade untuk beberapa ruangan.;0;1;0;0
okesih cuma kebetulan aja dapet ruangannya yg AC nya ga berasa;0;1;0;0
kamar luas, pemandangan jg okay sih dpt lt pling atas;0;1;0;0
berhubung swimpool diluar, dan ga ada atap jadi rada kecele sih pas musim hujan hahahahaha.... untuk makanan harga terjangkau hanya saja sepertinya lebih condong ke mie yah lebih joss rasa mie...;0;1;0;1
so goodd parah enak buat nyendiri;0;0;0;0
ok bgt, tinggal perbaiki wifi saja;0;1;0;0
Bagus, mewah, nyaman;0;0;0;0
dekat dengan halim airport;0;1;0;0
mantap dan warbiasah;0;0;0;0
Nyaman dan lokasi strategis;0;1;0;0
Nyaman, dekat kemana2;0;1;0;0
good sihh untuk harganya;0;0;0;0
Selalu nyaman bermalam di central cawang????;0;0;0;0
good service, nyaman, langganan untuk staycation????;1;0;0;0
ga pernah bosan kesini;0;0;0;0
hotelnya bersih view bagus;0;1;0;0
All is good, perfect, harga murah;0;0;0;0
Kamar bagus cuma hair dryer tak berfungsi Menu sarapan pagi perlu di tingkatkan;0;1;0;1
lokasi strategis...kamarnya bersih..nyaman...stafnya ramah.;1;1;1;0
gooooooooooodddddddbangeeeeeeeeeeeeeeeeetttttt;0;0;0;0
fasilitas hotel baik, lokasinya pas untuk yang transit mau perjalanan via bandara halim perdana kusuma. perlu ditambah fasilitas small shoping area untuk belanja keperluan snack dan minum;1;1;0;0
Senang dan suka banget;0;0;0;0
nginep disni enak nyaman ....bisa sambil kerja dan jagain ortu di RS pon jdi deket deh jagain nya nice murce lagi klo pke aplikasi dibandingkan langsung... mini studio kamar gtu tmpatnya;0;1;0;0
kamar nyaman, lingkungan nyaman;0;1;0;0
oke banget dech semuanya....apalagi dpt potongan voucher dr tiket;0;0;0;0
good pelayanan yang ada;1;0;0;0
Bersih. Strategis. Murah tp fasilitasnya lengkap dn oke banget. Harga makanan termasuk murah di banding hotel lain;0;1;1;1
baguuss, nyaman, makanannya enak;0;0;0;1
nyaman bersih pelayanan nya bagus tp ac nya kurang dingin;1;1;1;0
strategies, simple dan nyaman bed nya;0;1;0;0
suasana sunyi, kamar nyaman, privasi tinggi;0;1;0;0
wort it dengan harganya;0;0;0;0
pelayanan dan tempatnya bagus;1;0;0;0
super good place and facility's. Thanks tiket dapat tukar voucher yg oke juga;0;1;0;0
kamar nyaman bersih, kamar mandinya seperti di pesawat;0;1;1;0
untuk kamar biasa aja...kebersihan juga kurang;0;0;1;0
baik dari segi kenyamanan dan kebersihan;0;0;1;0
bagus. bersih dan nyaman. makanan enak;0;0;1;1
pas aja sih. tempat tidurnya nyaman, cuma ACnya nggak bisa pake timer;0;1;0;0
biasa saja, sedikit banyak genangan air sebelum masuk lobby dan bisa berbahaya itu;0;1;0;1
Chek in lambat slow response ac kurang dingin;1;1;0;0
dapat kamar lantai 9, city view plus swiming pool. kamar nyaman, kolam renang berada di gedung terpisah.;0;1;0;0
responsif mantapp keren;1;0;0;0
relatif dekat dengan t4 kerja;0;0;0;0
"toooppp pokoknyaa, bakal nginep lagi disanaaa walaupun pindah hotel dadakan kaena yg sblmnya ecek""";0;0;0;0
lumayan bersih dan nyaman;0;0;1;0
bagusss, parkir gratis, internet oke, air panas oke;0;1;0;0
dapet kamar yang pintunya ngga ada kunci rantai;0;1;0;0
Tempat terbaik untuk menginap;0;0;0;0
lokasi strategis di tengah kota jakarta;0;0;0;0
tidak pernah salah nginep disini, pelayanannya enak banget;1;0;0;0
Biarkan bintang yg bicara;0;0;0;0
Hotel dengan staff yang friendly dan harga yang lumayan terjangkau.;1;0;0;0
Hotel yang cukup terjangkau tapi dengan fasilitas yang lumayan lengkap dan staff yang ramah. Lokasi strategis di tengah kota dekat jalan tol.;1;1;0;0
pintu aksesnya 2x ga berfungsi, acnya ga terlalu dingin malem2 sempet kegerahan, kulkas ga dingin, overall oke sih pelayannya baik dan responsif;1;1;0;0
sering nginap disini, kamar bersih dan harga bersahabat;0;0;1;0
kamarnya bersih dan harganya murah;0;0;1;0
Selama tinggal di jakarta baru ketemu hotel dengan harga terjangkau tapi sebagus ini.. dann yg pastinya lokasi strategis banget deket darimana2.. next time pasti staycation disini lagi sih.. kamar bagus, rapih, bersih, mewah.. top deh asli..;0;1;1;0
cukup memuaskan tetapi wifi dapat ditingkatkan untuk sinyalnya karena kurang stabil;0;1;0;0
lantai 12 pintu 1203 susah buka pintu nya;0;0;0;0
seru buat liburan meskipun cuman sehari.;0;0;0;0
Airnya kecil, panasnya susah diatur;0;1;0;0
bagus hotelnya worth it;0;0;0;0
semuanya oke saya suka.....tapi tempat sabunnya macet tdk bisa dipencet2 (smoga diperbaiki) untungnya bawa sabun mandi sendiri;0;1;0;0
kamar sangat bersih kasur empuk banget bikin nyenyak tidur lengkap ada depositbox, kulkas, dan ketel listrik tapi di sayangkan kolom renang posisi nya agak jalan ke depan.. terlalu terbuka dan klo siang or pagi itu panas banget kena matahari. overall suka sama kamarnya.. thank you ..;0;1;1;0
pengalaman yg sangat menyenangkan;1;0;0;0
bagus oke kamar bersih walaupun agak sempit;0;1;0;1
wifinya kurang mendukung;0;1;0;0
ntapppppplsppssspsspspspspsoossols;0;0;0;0
kool kool kool kool kool;0;0;0;0
wastafel rusak.. kamar sempit;0;1;0;0
Selama nginep dihotel wahh saya seneng , apalagi view kamar nya ?? kerennn, kamarnya bersih dan rapii ?? pelayan nya mantapp?? pokoknya recomen deh ngineo disini??;1;1;1;0
overall semua bagus, hanya AC nya aja yang kurang dingin.. service, kamar, semua oke banget padahal;1;1;0;0
tempatnya nyaman, servicenya cepat, lokasi strategis;1;0;0;0
baguslah untuk honeymoon;0;0;0;0
Referensi, buat yang mau berlibur dengan nyaman. Betah disini suasananya bikin pengen balik lagi.;0;0;0;0
Bersih, nyaman, makanan enak;0;1;1;1
parkir sama hotel krg koordinasi kebersihan kamar kurang petugas tidak ramah;1;1;1;0
Sangat worth utk stay disini;0;0;0;0
Parkir luas,staff ramah,kmr oke,siippp dah????????;1;1;0;0
Nyaman untuk istirahat , pelayanan super ramahh, makanan enakkk;1;0;0;1
keren langganannnnnnnn;0;0;0;0
oke lah pokoknyaa bersih tmptnyaa;0;0;1;0
AC nya ga dingin, jd kecewa si, sama kolam renangnya gabisa dipake;0;1;0;0
nyaman, view luaaaaaaaaaaaaaaaad;0;0;0;0
Makanan kirang enak pas sarapan;0;0;0;1
Lokasi sangat strategis;0;0;0;0
kali kedua nginep disini bagus rapih makanan enak cm ac nya ga dingin tp okelah.;0;1;0;1
Ok sih. Tpi mkanannya agak kurang;0;0;0;1
Kamarnya bersih, super nyamann, view kamar yang selalu buat hati senengg?? pelayanannya juga bagusss dan ramahh?? bakal nagih nih nginep disini??;1;1;1;0
Coba kesini karna tempat biasa sudah full booked, not bad, but kamar mandi trlalu sempit.;0;1;0;0
tidur gak nyaman kayak tidur di sauna, kamar panas ac gk berfungsi sm sekali, pesen kamar include breakfast, pas ke resto di blg cm room only without breakfast, parah systemnya.;1;1;0;1
View kamar kerenn?? nyamannn;0;0;0;0
Lumayan bagus hotelnya;0;0;0;0
Hotel cocok buat kaum milenial, masih baru juga. Semuanya mantap, hanya minus di kulkas mininya tdk dingin;0;1;0;0
earfiaehrgbvliaerbgvlaiejgrbvaliekjrgbvalkjergbvlaikerjfbvilakerjfvlaikerjbfvak;0;0;0;0
nyaman, recomended, tapi lampu kamar mandinya ada yg rusak jadi kedap kedip gitu. ya maklum si pesenny pas harga diskon;0;1;0;0
bagus bagus bagus bagus dan bagus;0;0;0;0
nyaman dan petugas very helpful dan ramah;1;1;0;0
sangat happy menginap disini;0;0;0;0
fasilitasnya sangat bagus,dan pelayanannyapun bagus,makanannya juga enak,hotelnya wangi ,bersih dan yang penting ga horor hotelnya,sangat recomend buat nginep dihotel sc,thx sc untuk pelayanannya ramah dan sopan;1;1;1;1
bagus dan cukup sesuai dgn harga;0;0;0;0
mantap hotelnya deket bandara;0;0;0;0
okelah. niceeeeeereer;0;0;0;0
nyaman,enak,terbaik....;0;0;0;0
Ac tdk dingin terasa panas;0;1;0;0
saya suka hotel ini...;0;0;0;0
super nyaman n very excellent;0;0;0;0
Lokasi strategis dan sangat nyaman;0;0;0;0
staffnya baik dan hotelnya bagus;1;0;0;0
Tempat yang nyaman untuk ber-istirahat, tapi sayang belum bisa menikmati Kolam Renangnya :);0;1;0;0
Sudah berkali2 staycation disini.. masih tetap yg terbaik ??;0;0;0;0
bakal jadi langganann;0;0;0;0
Kedua kl ini dpt kamar d sentral cawang yg acny gak dingin hadeh gerahhhh;0;1;0;0
enak bgt nginep disini;0;0;0;0
ac di smooking room kurang dingin;0;1;0;0
nyamaaaaaaaaaaaaaaaaan;0;0;0;0
dekat kemana saja. lumayan nyaman tp ac tidak terlalu dingin;0;1;0;0
harga bersaing...Lamar oke lah...bersih;0;0;1;0
Ac kamar panas tidak harum jadi tidak nyaman;0;1;0;0
sering kesini heran aja beberapa kali dapet kamar yang acnya ngga dingin, jadi kebangun terus. selang showernya juga udah rusak jadi airnya keluar kecil. tolong di perhatiin lagi padahal hotel ini nyaman banget;0;1;0;0
Lumayan cuma ya itu kolam.renangnya terpisah dengan bangunan hotel.;0;1;0;0
Ac dikamar panas buat tidak nyaman, petygas reception lama input parking jadi hrs bolak balik minta input untuk free parking;1;1;0;0
Beberapa kali menginap di HC, Ac dikamar selalu panas dan bikin tidak nyaman;0;1;0;0
pelayanan ok, kamar 916 ac kurang dingin, fan juga sudah maksimal hembusan angin tetap minim. view bagus, tempat strategis, sarapan ada pilihan dan enak2. yang terpenting protokol kesehatan maksimal, jadi aman n nyaman.;1;1;0;1
mantap mmmmmmmmmmmmm;0;0;0;0
AC kamar tidak dingini;0;1;0;0
Seru banget liburan di hotel sentral.. baik pelayanannya.. anak2 senang semuanya..;1;0;0;0
ga sesuai ekspektasi,kamar panas;0;1;0;0
kamarnya panas,ga sesuai expectations...tempat tidurnya juga kecil pas2an bgt;0;1;0;0
ac kamarnya gk berasa sama sekali kepanasan;0;1;0;0
Ada harga ada rupa lah yah;0;0;0;0
front desk nya tidak ramah, Mohon diperbaiki;1;0;0;0
Ok.................;0;0;0;0
enak. strategis di kota jkt;0;0;0;0
nice mantep enak deh pokoknya;0;0;0;0
nyaman si hotelnya, cmn untuk kolam renang nya gak banget deh buat anak². terlalu dalam kolamnya..;0;1;0;0
okeeeeeeeeeeeeeeeeeeee;0;0;0;0
mantaaaaaaaaaaaaaaappp;0;0;0;0
Pusiiinnggggggggg buat org itu;0;0;0;0
Buat oorang bro bukn syaaaa ituu;0;0;0;0
Room bagus, kolam oke;0;1;0;0
sangat baik pelayanannya;1;0;0;0
cakep bagusss aku sukaaaa;0;0;0;0
sudah beberapa Kali menginap di sini Dan selalu sangat puas....;0;0;0;0
waktu cek in agak lama nunggu nya krn kamarnya blom tersedia masih dirapikan.. tp kami diijinkan untuk menunggu di kolam renang krn anak2 sudah ga sabar pengen berenang. untuk AC kamarnya ga begitu dingin dibagian kasurnya krn AC nya lebih mengarah ke jendela. pemandangan hotel nya bagus kelihatan gedung2 tinggi dan kemacetan ibukota nya hehhehe...;1;1;0;0
gooddddddddmantaaa@aaapppppppppoooo;0;0;0;0
staycation nyaman, waktu itu dpt lantai 16 paling atas jd bisa sekalian liat pemandangan kota. makannya juga enak dan harga seperti cafe biasanya. recomndd;0;1;0;1
Hotel bagus compact dan dekat kemana mana;0;0;0;0
bersih hotel makanan nya juga enak;0;1;0;1
dateng pas acnya lagi masa perbaikan jadi kurang dingin;0;1;0;0
biasa aja ga yg gimana gimana;0;0;0;0
ac nggak dingin sama sekali??;0;1;0;0
Sesuai dengan hrgnya... akses kemana2 dekat;0;0;0;0
okeeeeeeeeeeeeeeeeeee;0;0;0;0
bersih, pelayanan bagus, all staf ramah, kolam renang oke ada penjaga handuk.... tingkatkan pelayanan dan perbanyak kupon diskon.;1;1;1;0
kulkasnya gak dingin;0;1;0;0
Resepsionist tidak standby, Ketinggalan charger di kamar 1612 tetapi dilaporkan tidak ditemukan,;1;0;0;0
comfyyyyyyyyyyyyyyyy, kereeennn;0;0;0;0
pelayanan ramah sayangnya kamar pakai AC central sehingga tidak dingin pindah kamar sampe 2 x yg terakhir dingin tetapi paginya dimatikan AC dari sentralnya sehingga hrs tlp LG baru dinyalakan lg;1;1;0;0
Okeeeeeeeeeeeeeeeeeeeeeeeeeeeee;0;0;0;0
hotelnya enak jg buat nginep;0;0;0;0
Nyaman, bersih cuma parkirnya ga bisa langsung naik ke lobby atau room;0;0;1;0
jsjjdjeksndjisjdbdjwjbdjd;0;0;0;0
tumben banget dapet kamar yang acnya ngga dingin;0;1;0;0
ACNYA GAK BERASA SAMA SEKALI TIDUR SAMPE BENER2 NGIPAS2 SENDIRI ??????;0;1;0;0
ac kurang dingin. toilet shower mau putus;0;1;0;0
salah satu hotel bintang 3 yg top, bagus dgn fasilitas swim pool nya, mantapp;0;1;0;0
okeeeeeeeeeèeeeee33333;0;0;0;0
cocok, nyaman,worth it pokoknya;0;0;0;0
mantablah pokoknya good;0;0;0;0
udah berkali2 disini, nyaman dan tenang;0;0;0;0
acnya panas, alasan AC sentral. dikamar kayak sauna;0;1;0;0
Saya mendapat kamar d 907 dan ac nya tdk dingin kemudian d pindah kan ke 909 memang ac nya dingin tetapi tv nya ga ada signal,sabun kamar mandi tidak bisa d gunakan;1;1;0;0
baguss. tapi kamar lantai 10 acnya kurang dingin;0;1;0;0
bagus apalagi kalo ada Netflix nya;0;1;0;0
Worth it buat backpacker traveling sih ini.;0;0;0;0
Lokasi cawang. Ok. Kamar cukup ok. Harga ok juga tidak terlalu mahal. So far cukup baik.;0;1;0;0
biasaa ajaa nothing special;0;0;0;0
tempatnya nyaman dan dan di pusat kota;0;0;0;0
biasaaaaa ajaaaaaaaaa;0;0;0;0
selalu kesini untuk staycation. krn deket juga dr rumah tp sayang kolam renangnya masih ditutup;0;1;0;0
bagus dan nyaman lebih tingakta lagi;0;0;0;0
ga pernah bosen buat stay disini. overall good.;0;0;0;0
hotelnya bagus, murah juga, tapi sayang parkiran motornya jauh dan TDK ada atapnya. motor saya 250cc coba saja bayangkan kepanasan.;0;1;0;0
masa PPKM, swimming pool ditutup, breakfast diantar kekamar. tapi ok lah. rasa lumayan, walaupun kurang puas karena gak bisa all you can eat ?? dekat RS PON, tinggal jalan kaki aja.;0;1;0;1
uangan asik semua ramah lokasi strategis;0;0;0;0
tempat nyaman... cocok buat yg pengen liburan sndiri;0;0;0;0
overall pelayanan sangat baik, staff ramah....fasilitas baik;1;1;0;0
Receptionist nya Ramah bgt, baik bgt udah mau bantuin ini ituuuu;1;0;0;0
staycation di hotel ini truly menyenangkan. semua staff hotel sangat ramah, kamar dibersihkan setiap hari. lokasi strategis, protokol kesehatan sangat diperhatikan selam PPKM pool tidak bisa digunakan untuk meminimalisir penyebaran covid-19. overall sangat baik, hanya saja untuk parkir motor mungkin dapat ditingkatkan lagi karena lumayan jauh dari lobby hotel dan parkiran terbuka. we'll comeback soon :).;1;1;1;0
bagus kamarnya dan bersih;0;1;1;0
luar biasa dan nyaman;0;0;0;0
udah berkali kali disini tapi baru kali ini dapet kamar ac panas;0;1;0;0
bhay bhay bhay bhay;0;0;0;0
bagus. nyaman. strategis dan aman;0;0;0;0
semua okelah tp kadang ada kamar tidak tersedia sabun;0;1;0;0
Seruuuu tp kaget2 karena dapat kamar samping ruang staff;0;0;0;0
Mantaapp. Ramah n bersih;1;0;1;0
selalu bagus dan memuaskan pokoknya;0;0;0;0
Ac nya panas, makanan nya enak enak;0;1;0;1
hanya transit semalam, mayan lan buat istirahat;0;0;0;0
bagus meski ada beberapa yang agak judes dibagian front office.;1;0;0;0
bagus sekali, saya suka;0;0;0;0
temptnya nyaman dan bersih;0;0;1;0
Hotel ok, harga ok, lokasi ok;0;0;0;0
Hotel cukup bagus, mungkin karena msh renovasi jd belum terlihat bagusnya. kamar mandinya kurang suka karena minimalis jd kelihatan sempit;0;1;0;0
bersih ada view kota pas di kamarnya;0;0;0;0
Lokasi Hotel ini strategis mudah dijangkau karena berada di jalan besar parkir mobil luas & free Mba reception nya Ramah & helpfull Ada fasilitas swimming pool & disediakan Handuk bersih Kamar Bersih, dingin , semua fasilitas dikamar berfungsi dengan baik. value for money menginap disini, suatu saat akan staycation lagi ke hotel ini.;1;1;1;0
kamarnya bersih, besar jg, cm kamar mndinya memang agak sempit yaaa.... over all okay sih utk staycation;0;1;1;0
hotel terbaik di kelas nya;0;0;0;0
mantaaab pokoknya...;0;0;0;0
So far ok. Lokasi dan kenyamanan;0;0;0;0
bagoessssss....................;0;0;0;0
rasa masakan restorannya sangat enak! Sop Buntut & Iga Bakar, Pelayannya juga ramah, hanya untuk bagian recepsionist harap lebih cekatan. Pada awal check in agak lama prosesnya (mungkin krn sudah malam hari) dan dikasih kamar yang pintunya error. (posisi di lt.9) jadi saya harus kembali lagi ke lobby untuk minta ganti kamar. Kondisi tamu sudah lelah & ingin langsung istirahat, tapi malah harus naik turun lagi. Layanan kamarnya juga bersih dan cekatan, shower air panasnya selalu ready. Lokasi hotel juga sangat strategis, sangat memudahkan saya sbg penghuni tamu. Terima kasih tiket.com & Sentral Cawang Hotel;1;1;0;1
good service untuk semua pelayanan nya;1;0;0;0
b aja ya gimane dong;0;0;0;0
ok banget, rekomendasi utk keluarga dan solo;0;0;0;0
bersih tapi ngga ada mini market terdekat;0;1;1;0
bagus & bersih, boleh lah;0;0;1;0
Mantap, AC nya aja kurang dingin;0;1;0;0
snaagat bagus sekalaiiiiiiiiiiiiiiiii;0;0;0;0
kamar yang nyaman, manajemen yang baik;1;1;0;0
guuuuuiuiuuuiuuud guuuuuiuiuuuiuuud;0;0;0;0
udah jadi langganan ini mh setiap ke jakarta nginep di sentral cawang, tempatnya nikmat pelayanan baik ??;1;0;0;0
Fantastis dan menyenangkan;0;1;0;0
lokasi strategis, harga terjangkau;0;0;0;0
Thank you, semua Petugas staff nya Ramah2 banget ??;1;0;0;0
Tempatnya bersih, cukup nyaman, harga makanannya sedikit lebih mahal, Pelayanan crew Ramah;1;1;1;1
mantaaaaaaaaaaaaappppp;0;0;0;0
oke bngetttt....pelayanan dan semuanya...;1;0;0;0
Tetep terrecommended;0;0;0;0
Hotelnya bagus, nyaman, bersih dan pelayanan nya bagus bgt;1;0;1;0
hotel terbaik good performance;0;0;0;0
untuk tempat lumayan bagus dan nyaman parkiran luas pelayanan ramah;1;1;0;0
mantappppppppppppppppppppppp;0;0;0;0
mantap bagus okeeeeee;0;0;0;0
bagus tempatnya nnnnnn;0;0;0;0
Hellooooooooo minta kantong keresek aja harus nunggu 1jammmmmmmmmmmmmm pelayanannya jauh dari kata bagus!;1;0;0;0
nga recomend manajem nya parah;1;0;0;0
Okkkkkkkkkkkkkkkkkkk;0;0;0;0
Semua staff nya Ramah;1;0;0;0
harga kurang antas dibanding dengan kamar nya. di tempat lain mungkin lebih baik lagi;0;1;0;0
Mantap dah, sayang AC kurang dingin;0;1;0;0
Oke sih. Cuma ga ada minimarketnya. Susah kalau mau beli air mineral atau cemilan.;0;1;0;0
Pelayanan Ramah, Tempatnya bersih Dan cozy;1;0;1;0
Pelayanan Ramah, hotel bersih, cozy bgt lah pokoknya;1;0;1;0
Pelayanan semuanya bagus Dan ramah;1;0;0;0
strategis dan nyaman;0;0;0;0
hmmm agak lama sih mau reservasi;1;0;0;0
Bagus pokoknya. Ga nyesel.;0;0;0;0
nyaman.. Aman. bersih strategis;0;0;1;0
bagus dan nyamaan, udh sering bgt tp ga dpt diskon hadeeeeh;0;0;0;0
Kamarnya unik dengan toilet mirip hotel budget di jepang;0;1;0;0
menyenangkan, bersih, nyaman;0;0;1;0
cukup oke dengan harga segitu, nyaman.;0;0;0;0
Pelayanan hotelnya bagus! cepet tanggap jg kalo ada keluhan dr tamu;1;0;0;0
semuanya oke...........;0;0;0;0
wifinya kemarin gak oke :(;0;1;0;0
Secara keseluruhan bagus. Yang kurang menurut saya adalah kolam renangnya, ukurannya kecil. Tidak ada mini market di kawasan hotel. Alternatif tempat makan selain di hotel juga kurang tersedia. Paling gampang pesen makan via ojol, makan di kamar hotel.;0;1;0;0
lokasi strategis dan pelayanannua ramah banget;1;0;0;0
playanan kurang, toilet bau;1;1;0;0
enak ada kolam renang nya;0;1;0;0
Ternyata nama baru dari yg sebelumnya;0;0;0;0
Nyaman dan pelayanannya oke;1;0;0;0
bagusssssssssssssss......;0;0;0;0
selalu kesini kalo lagi suntuk. terus berenang deh. selalu memuaskan;0;1;0;0
nyaman, overall good.;0;0;0;0
harga murah pelayanan bagus bgt;1;0;0;0
Ooooooookeeeeeeeeeee;0;0;0;0
nyaman , suka dengan suasana hotelnya, lokasi strategis,;0;0;0;0
wow infah syekali sngat nyaman bgt di sc;0;0;0;0
Nice place dengan harga yg murah tp fasilitasnya ok;0;1;0;0
Keren lokasi baguss pokokna;0;0;0;0
ah mantap sekaliiiiiiiii;0;0;0;0
Okkkkkkkkkkkkkkkkkkk;0;0;0;0
kamar bersih??kamar mandi cenderung sempit;0;1;1;0
cukup baik dan memuaskan, semoga pelayanan semakin bagus;1;0;0;0
Recommended untuk menginap;0;0;0;0
untuk breakfast nya kita harus pesan dulu;0;0;0;1
Overall sih bersih dan sesuai harga. Tapi saya selalu kehabisan nasi kuning dan soto betawi tiap sarapan. Padahal saya hampir 1 minggu stay disini. Agak kecewa sejujurnya. Tapi kolam renang nya gede bgt dan bersih;0;1;1;1
ac nya aja sii kurang dinginnn sumpeh deh sampe pindab kamar ga dingin juga haha;0;1;0;0
lumayannnnnnnnnnnnnnnn;0;0;0;0
Kolam renangnya buka jadi bisa berenang. View kamar bisa minta pool view. Semua ok. Yang kurang ok cuma kasurnya, saya dobel bed tapi agak kecil dan kurang nyaman kasurnya.;0;1;0;0
Bagus bersih terawat dan terjaga dengan baik;0;0;1;0
staycation @hotel sentral Cawang pilihan tepat baik untuk keluarga,solo,bisnis dan grup.harga hotel dan harga menu di restaurannya pun terjangkau,lokasi strategis, fasilitas bagus.karyawan ramah.;1;1;0;1
si0ppppppppppppppppp;0;0;0;0
lumayan lahhh sepadan dengan harganya;0;0;0;0
kamar kunci rusak FO kurang ramah minta masker aja ga ada gmn mau jalanin prokes disini paraahh parahhh;1;1;0;0
Overall semua oke...lokasi strategis...kamar luas...makanan ok lah...hanya setting AC central nya aja kurng dingin.;0;1;0;1
bagus dan nyaman thankyouuuuuuuuu;0;0;0;0
Kunci rusak wastafel mampet pelayanan fo buruk;1;1;0;0
Seneng mnginap dsni hny srpn ug kurg variatif;0;0;0;1
bersih, cuma parkir buat motor harus muter jauh banget & ngga ada mini market terdekat;0;1;1;0
sabgiat menarik wajib disin;0;0;0;0
Enak kok, sesuai sama harganya dann sarapannya sih lengkap parah enak lah pokoknya;0;0;0;1
okee bangett, fasilitas lengkap harga murah;0;1;0;0
Hotelnya bagus... tapi lantainya kurang nyaman menurut saya;0;1;0;0
Pertahankan kualitasnya;0;0;0;0
KAMAR NYA BERSIH GEDE PELAYANAN NYA JUGA OKE DARI SECURITY YANG RAMAH PETUGAN F&B SERVICE YANG CEPAT TANGGAP DAN HOUSEKEEPING NYA YANG SIAP MEMBANTU CUMAN AC NYA KURANG DINGIN KAMAR 701 YANG POJOK PADAHAL SUDAH SAYA FULL KAN AC NYA SEPERTI NYA JUGA ADA BEBERAPA TITIK YANG FUNGOUS TERIMAKASIH!;1;1;0;0
sangat mantaappp dan sangat cocok untuk transit;0;0;0;0
baguuuusssssssssssss;0;0;0;0
enak tempatnya, makanannya enak;0;0;0;1
strategis, nyaman dan bersih;0;0;1;0
pelayanannya kurang, air shower nya ga keluar udah hub team tp tdk ada tindakan;1;1;0;0
bagus, design toiletnya unik, ac dingin, tapi sarapan gak bebas milih, langsung disediain per pax;0;1;0;1
Tetap dipertahankan dan ditingkatkan;0;0;0;0
Lokasi hotelnya strategis, di samping halte busway BNN. Desain kamarnya kekinian. Ada kolam renang nya.;0;1;0;0
pelayanannya bagus, minta tolong untuk kamar mandi showernya air panasnya kurang panas.;1;1;0;0
Prokesnya bagus Keamanan bagus;0;0;0;0
cocok untuk transit.;0;0;0;0
lokasi strategis, namun harganya terlalu tinggi;0;0;0;0
cukup bagus dan memuaskan;0;0;0;0
Makanannya disajikan seperti hotel lAin dong ga sesuai harga menginap kyk hotel lain makan kyk catering aja disediain;0;1;0;1
hotelnya compact, sayang makanannya bukan buffet;0;0;0;1
Ac tolong di dinginin kembali;0;1;0;0
lokasi sangat strategis n kamarnya luas;0;0;0;0
bagus lah tapi jauh ngga ada yang jual makanan atau indomaret;0;1;0;1
pelayanan baik, dan kolam renang bersih;1;1;1;0
"proses cek in cek out cukup cepat, breakfast nya tipe ala carte bukan buffet rasanya lumayan pilihan menu ny banyak ,kamar hotel bersih wangi hanya ac ny saja kurang dingin,pool ny juga oke meskipun kecil lumayan buat staycation sama anak"" dan keluarga..semoga next di sediakan playground untuk anak"" agar hotel semakin nyaman untuk family";1;1;1;1
pelayanan oke banget check-in dan checkout cepat makanan sarapan juga enak2 ,, kamar juga oke bersih , air panas dan listrik berfungsi baik , next akan ksini lagi;1;1;1;1
mantap bersih okee lah pokoknya;0;0;1;0
Hotel Yang sangat strategis....Pelayananya oke....kamar bersih...;1;0;1;0
enak bagus lumayan enak;0;0;0;0
nyaman. bersih dan strategi;0;0;1;0
bagus..bersih..mantap.;0;0;1;0
Oke saja, lumayan...;0;0;0;0
makanan enak, pelayanan bagus, kamar bersih. sudah 2x menginap disini. overall bagus ????????. RECOMENDED HOTEL;1;0;1;1
nice hotel..sayang ac kurang dingin...;0;1;0;0
Nice lah min mantap lah;0;0;0;0
Nice cuma kurang koordinasi parking dan reception. Jadi tamu harus bayar parkir yg cukup lumayan.;1;1;0;0
lokasi parkirnya saja yg harus di perbaiki;0;1;0;0
seru tempatnya cuma ac kurang dingin, tidak ada kolam renang khusus anak2.untuk yg lainnya bagus;0;1;0;0
bersih,rapi,luas kamarnya & nyaman;0;1;1;0
kamarnya bagus dan bersih, pelayanannya baik.;1;1;1;0
nyaman tmpat tgal bersih;0;0;1;0
Kamar yg cukup nyaman walaupun rada kurangnya suka dg model kamar mandi nya yg ala kapsul;0;1;0;0
Bersih. Tidak bertele-tele. Ramah. Makanan enak;0;0;1;1
receptionisnya ramah, tempatnya pun nyaman dan tidak bising kendaraan;1;0;0;0
Enak layanannya dan kualitas kamarnya bagusss;1;1;0;0
Okeeeeeeeeeeeeeeeeee;0;0;0;0
mantap. seru ada kolam renangnya. tp sarapan gak ambil sendiri;0;1;0;1
fasilitas oke bagus bersih;0;1;1;0
Kemarin nginep disini untuk mampir sebelum terbang via Halim. tempatnya strategis., ok lah. makanannya juga enak.;0;0;0;1
kamar 501 saya sampai capek keluar Turun Naik lift hanya untuk bilang kalau kunci kamar gak bisa dibuka. bukan sekali tapi berkali kali ... baru masuk langsung mutusin buat check out tengah malam;0;1;0;0
Pelayanan ramah, kamar bersih;1;0;1;0
keren dan proses reservasi cepat;1;0;0;0
lumayan cukup baik di;0;0;0;0
nice lah not bad cukup berkualitas;0;0;0;0
ok, ditingkatkan lagi pelayanannya;1;0;0;0
Semua OK, cuma Mungkin Krn covid breakfast Nya jd ala carte;0;0;0;1
bagus, dekat dg tujuan saya rs uki;0;0;0;0
dengan harga yg relatif terjangkau, fasilitas lengkap. kebersihan dan pelayanan tidak di ragukan la;1;1;1;0
tidak akan pernah kecewa menginap dengan keluarga, fasilitas lengkap ramah dengan keluarga. saya sudah liburan ke 2 x nya dengan keluarga .;1;1;0;0
harganya ga mahal kamarnya bagus kamar mandi nya bagus bersih;0;1;1;0
lumayan si buat harga segitu;0;0;0;0
murah sihh nyaman bgttt;0;0;0;0
ok bagus sekali pelayanannya;1;0;0;0
bagus pelayannan juga lumayan;1;0;0;0
bagus hotelnya harganya jg murah tp tidak murahan;0;0;0;0
Tempatnya bagus dan unik kamar mandinya;0;1;0;0
Tempatnya itu bagus dan unik kamar mandinya. cuman kekurangannya tidak ada lembar nomor telp section;1;1;0;0
terbaik untuk kamarnya;0;1;0;0
check in dan check out cepat, serta pelayanan professional;1;0;0;0
Ac nya panas gk dingin sama sekali;0;1;0;0
Cocok untuk staycation;0;0;0;0
pokonya rekomended bgt deh;0;0;0;0
Kalau bisa makanannya di hidangkan kyk hotel2 lainnya jd bs milih bukan dibkin perpaket dan dibatasi. Hotel lain juga hrgnya bnyk yg 300rb tp kl makanannya bnyk pilhan.;0;0;0;1
bagus banget sih hotelnya cuman kurang ditingkatkan lagi makanan nya;0;0;0;1
kamar mandi tidak terlalu luas. Loby terlihat modern. kamarnya biasa saja. tidak ada yg membuat terkesan.;0;1;0;0
Pelayanan hotel bagus makanan enak;1;0;0;1
bagus tempatnya, dan akses gampang;0;0;0;0
karena bisnis, strategis pula tempatnya;0;0;0;0
dapet affordable price dalam rangka staycation ... seru! si kecil puas bisa berenang di kolam yang bersih jernih;0;1;1;0
cukup aman dan nyaman;0;0;0;0
Bagus hotelnya pelayanan ok harga ok;1;0;0;0
Secara keseluruhan oke kok, tapi ac nya ga dinigin, gatau emang di atur seperti itu atau gimna, cuma ya kurang aja;0;1;0;0
pelayanannya sangat baik;1;0;0;0
Nyaman sekaliiiiiiii;0;0;0;0
Hotel bersih Pelayanan baik sekali Pertahankan !! Sukses utk Sentral Cawang Hotel;1;0;0;0
toiletnya kecil banget. tapi kolam renangnya sepi jadi aman dan nyaman. overall oke;0;1;0;0
Datang karena boring di di rumah, melihat harga hotel di sekitar harga sentral cawang paling murah dengan pasilitas yang bagus dan terawat, untuk hotel bintang 3 ini palong rekomendasikan tenpat ini;0;1;0;0
sesuai harga pas promo. kamar mandi kecil, buka atau nutup pintu kamar mandi, perlu sedikit perjuangan biar gak bunyi. fasilitas ok, keberhasilan ok, breakfast enak, pelayanan bagus;1;1;0;1
Pilihan tepat untuk staycation. Pelayanan, breakfast, kebersihan, dan kelengkapan fasilitasnya oke banget. Pasti akan balik lagi!;1;1;1;1
bagusss check ini di pergantian hari jg bisa cocok untuk pasangan baru ????????????;1;0;0;0
cukup puas menginap disana;0;0;0;0
kamar bersih, kolam renang besar dan bersih, sarapan enak, namun bukan model all you can eat tp all you can drink :) .. lokasi cukup bagus namun tidak ada mini market yg dekat disekitar(lebih baik sediain minum sblm check-in).. pelayanan bagus..;1;1;0;1
Pelayanan nya sangat bagus dan ramah;1;0;0;0
mengesankan dan tempat favorite;0;0;0;0
sangat amat mengesankan,;0;0;0;0
menyenangkan sekali. mungkin akan kembali.;0;0;0;0
Kamar nya bersih dan pelayananya ramah banget dan fast respond..;1;0;1;0
bagus hotelnya dan enak makanannya;0;0;0;1
Mau minta akses ke kamar tdk bisa langsung ke security tp ke fo dulu baru ke security agak ribet juga sih;1;0;0;0
fasilitas nya oke untuk ukuran harga seperti itu pelayanan juga ramah;1;1;0;0
pelayanan baik,swimming pool bagus,puass d;1;1;0;0
kolam renangnya dipakai avara wedding jadi gak bs renang buat gamu hotel;0;1;0;0
sempet dikasih kamar yg bermasalah dengan kunci, akhirnya minta pindah kamar dan dikasih;1;1;0;0
Bagus, bersih, ramah, dan nyaman di kantong.;1;0;1;0
luar biasa tempat dan rekomendit;0;0;0;0
lumayan de hehehehehe;0;0;0;0
sangat nyaman. klw bisa tuk fasilitas kamar mandi di tambah..;0;1;0;0
sudah bagus tempatnya dan fasilitasnya;0;1;0;0
lokasi strategis,pelayanan nya ramah check in cepat cuma kamar ac nya kurang dingin tapi swimming pool nya bagus.puas dha liburan bareng keluarga;1;1;0;0
bagus bersih rapih view jalan tol;0;0;0;0
Keren banget banget staffnya ramah;1;0;0;0
suka bgt layout kamarnya! recommended untuk yang mau wfh :);0;0;0;0
Harga sesuai dengan fasilitas yang diberikan. Pelayanan ramah dan kamar lumayan nyaman, meskipun sedikit sempit. Parkiran luas dan kolam renang nya sudah dapat digunakan. Hanya saja sedikit kesulitan bila ingin ke lokasi menggunakan google maps karena hotel nya sudah berganti nama. Sarapan ala carte dan lumayan enak, tapi perlu ditingkatkan lagi.;1;1;0;1
menyenangkan cm kolam renang nya tdk bisa utk anak2;0;1;0;0
Susah dah dijelasin, ac-nya kurang dinging;0;1;0;0
baik bagusxrapih pelayanannya;1;0;0;0
Lumayan bagus pelayanannya;1;0;0;0
Bagus sekali , nyaman dan bersih;0;0;1;0
kamarnya nyaman bersih cuma AC nya kurang dingin makanan juga enak;0;1;1;1
Bagus dan nyaman........;0;0;0;0
ac kurang dingin....;0;1;0;0
okelah buat kebersihan dan fasilitas;0;1;1;0
ac nya kurang dingin;0;1;0;0
pelayanan ditingkatkan lagi;1;0;0;0
hotelnya bersih, pool Bagus, makannya enak;0;1;1;1
hotel bersih, pool nya bagus;0;1;1;0
Bersih. Nyaman. Aman. Mudah aksesnya;0;0;1;0
mantapppsssssss lumayan bgt cui;0;0;0;0
enak bagus murah........... ..;0;0;0;0
favorite bgt pokoknya;0;0;0;0
Sangat puas dengan pelayanannya dan tempatnya bersih;1;0;1;0
Sangat puas karena pelayanannya bagus;1;0;0;0
Biasa aja tidak terlalu mengesankan. Harga saja yg mengesankan;0;0;0;0
Kamar bersih Nyaman Makanannya juga enak Tapi AC nya ga dingin Kurang berasa;0;1;1;0
Lumayanlah untuk transit menuju bandara;0;0;0;0
lafff banget semuanya ok cuman lokasi saja yg agak nyempil krn lagi pembangunan terus ga ada mini marketnya. overall semuanya laffff lah, will come back soon;0;1;0;0
Ac kamar masih panas belum ada peningkatan setiap saya menginap dihotel ini;0;1;0;0
Ada kolam renangnya. Bebas bersih;0;1;1;0
Over all ok, lokasi, kebersihan..;0;0;1;0
Kamar bersih dan wangi, pelayanan baik.;1;1;1;0
enakkkkkkk bangt sih wort it harga sama tmpatnya breakfastnya juga enakkk .... kita disuruh milih lalu dianter ke meja... kita tinggal duduk enak jenis makannya juga lmyana lengkap western and indo nginap disni pas lgi dpt promo huhu mantul;1;0;0;1
selalu puas staycation disini;0;0;0;0
Hotelnya bagus, nyaman banget, pelayanan juga sangat memuaskan;1;0;0;0
Baru pertama kali coba ,kamarnya bersih dan enak, terimakasih;0;1;0;0
menyenangkan dan tempatnya kere;0;0;0;0
Lokasi dekat dari halte Busway BNN, harga terjangkau sebanding dengan kenyamanan & kebersihan kamar nya. Ada swimming pool nya juga. Sangat recommended bgt buat staycation.;0;1;0;0
Pelayanan ramah, fasilitas cukup lengkap;1;1;0;0
tempatnya asik banget buat ngilangin stress kerja;0;0;0;0
bersih, nyaman, murah;0;0;1;0
Berkai kali nginep di sini selalu puas dengan pelayanannya;1;0;0;0
Lampu kamar kelap-kelip;0;0;0;0
Pelayanannya oke.;1;0;0;0
Lokasinya ditengah-tengah kota;0;0;0;0
Akses kemana-mana mudah;0;0;0;0
Terimakasih pelayanan bagus;1;0;0;0
sahur dengan pilihan berbagai menu makanan;0;0;0;1
alhamdulillah tersedia makanan utk sahur dengan pilihan berbagai makanan;0;0;0;1
Aman sih, cuma yg bikin kecewa masak ada bekas rambut di kamar mandi;0;0;1;0
Harga murah tidak selalu murahan. Hotel Ini worth it, kamar bersih, staf Ramah Dan Ada pool. Lokasi mudah dijangkau. Dan makanan Juga enak. Saya coba Soto betawi nya enak.;1;1;1;1
goodd, kamar bersih, staff ramah, cuma parkiran nya aja jauh banget wkwk;1;1;1;0
pas check-in ada tempat piring kotor bekas tamu yg terdahulu x di dpn pintu kamar saya sampai besok nya cek out piring itu tdk di angkat.. betahal sy udah lapor ke reception pas sore nya saya keluar.. tp tdk di pedulikan sy di kamar 606.tks;1;0;1;0
bersih. lokasi strategis. ada gulingnya. sdh 2 kali nginap;0;1;1;0
nyaman bersih dan enak sarapan nya;0;0;1;1
ac tdk dingin,kamar bersih;0;1;1;0
kamar bersih,sygnya ac tdk dingin;0;1;1;0
Bersih dan sesuai dgn harga;0;0;1;0
Lokasi strategis, hotel bersih, harga terjangkau. Namun untuk proses check in nya agak lama;1;0;1;0
bagus dan sangat nyaman;0;0;0;0
bagussss sekali dan sangat nyaman;0;0;0;0
bersih dan nyaman...;0;0;0;0
Good Location, kamarnya bersih;0;0;1;0
Good hotel in jakarta;0;0;0;0
Mantap banget buossss;0;0;0;0
Lokasi dekat dengan halte Busway BNN, kamar luas & bersih, ada fasilitas kolom renang. Recommended!;0;1;1;0
nyaman dan strategis;0;0;0;0
dulu nya ibis. kamar nya lumayan oke. standar nya ibis. harga murah bgt;0;1;0;0
baguus tempatnya dan nyaman;0;0;0;0
semua nya baik dan ok;0;0;0;0
semuanya baik dan bersih;0;0;0;0
Menyenangkan, goodnpeople;0;0;0;0
Bagus, bersih,lengkap;0;0;1;0
Odol untuk guest nya speerti odol bekas, perlu ditingkatkan lagi alat mandi yg sekali pakai buang.. thanks..;0;1;0;0
Harganya murah tapi fasilitasnya ok;0;1;0;0
harga promo tapi kualitas bagus;0;0;0;0
Ini hotel sangat nyaman dan aman sy kalau stay di sini sering 7 hari dan udh berkali2 anak2 gak ad bosennya di sini betah bgt semua fasilitas lengkap semoga lebih baik k dpnny dan harga ttp murah ya;0;1;0;0
fasilitas oke ac oke tapi mngkin makanan lebih dibuat 1 menu meskipun lagi pandemi;0;1;0;1
bagus kamarnya. ramah;0;1;0;0
Bagus dan mengesankan;0;0;0;0
Secara umum bagus. Cuma untuk makan di luar hotel agak susah. The best choice pesan pakai gofood/grabfood atau malan di hotelnya.;0;1;0;0
Secara keseluruhan okey cuma karyawannya perlu di trainne utk keramah tamahan terhadap tamu. Krn karyawan hotelnya terhadap tamu krg friendly atau jarang menyapa bahkan ga sm sekali. . Makanan enak cm hanya bs memilih satu saja, lokasi agak jauh kemana2. Trus tdk ada mini market atau toko makanan disekitar. Tp yah selebihnya oke;1;1;0;1
pelayanan cepat dan kamar nyaman;1;1;0;0
Bagis dan akses gampang;0;0;0;0
Bagus, dekat dari bandara;0;0;0;0
Bagus, dekat kebandara & akses gampang;0;0;0;0
kamar bersih petugas baik sopan;1;0;1;0
Resepsionis nya kurang ramah, rada ketus. ;1;0;0;0
Mantap dan lokasi sangat strategis;0;0;0;0
kamar bagus dan fasilitas bagus. recommended!;0;1;0;0
Makanan mahal,udah segitu aja;0;0;0;1
Fasilitasnya lebih dari harganya banget. Beli pas lagi promo THR di Tiket.com karena dadakan harus sambil nunggu yg lg dirawat di RS, ga nyangka dengan harga yg ekonomis bisa dapet fasilitas yg oke banget. Sarapan proper, ada kolam renang, room service 24 jam dan yg terpenting lokasinya yg strategis banget deket RS dan pintu tol.;1;1;0;1
kamsr bersih pemandangn bagus pelayanan baik;1;1;1;0
Overall bagus sih, nyaman banget;0;0;0;0
nyaman, higienis, bersih, harga terbaik, lokasi strategis, sahur nya enak, view bagus. pelayanan keren, sekuriti, frontdesk, housekeeping semua ramah dan hangat.;1;1;1;1
biasa saja tidak lebih;0;0;0;0
mengesankan untuk liburan bersama keluarga;0;0;0;0
mengesankan untuk staycation dengan keluarga;0;0;0;0
Pelayan nya ramah dan hotel bersih. mantap;1;0;1;0
good bersih nyaman, dekat kemana2;0;0;1;0
hotelnya bagus bersih. fasilitas lengkap. harga murah. makanan enak;0;1;1;1
so far oke pelayanan dan fasilitas disini;1;1;0;0
akan nginep lagi pastinya;0;0;0;0
Untuk fasilitasnya bagus, namun untuk fungsi kelengkapan yang ada diruang ada beberapa yang ngga berfungsi dengan baik seperti lemari pendingin yang ada diruangan...;0;1;0;0
makanan room servicenya murah dan enak;0;0;0;1
hotelnya nyaman, lokasi sj yg kurang krn jalan dpn hotel macet dr pagi sampai sore, dan perlu ad minimarket sendiri karena klo perlu beli brg kebutuhan sehari2 tidak ad yg dekat.;0;1;0;0
msh terasa hotel ibis..ok bersih dan enak sarapan nya;0;0;1;1
ok .....................;0;0;0;0
kamar bersih semua ok hanya kulkas kurang dingin. thx;0;1;1;0
bagus, hanya antrian check in cukup lama karna hanya ada 2 counter;1;0;0;0
Seneng di sini. Kemarin harganya lagi bagus..;0;0;0;0
lokasi strategis dan harga sangat terjangkau;0;0;0;0
good..sesuai harga yg ditawarkan lah..minusnya cuma parkir motor agak jauh;0;1;0;0
Overall memuaskan, fasilitas oke;0;1;0;0
Dapat promo kamar dengan sarapan per malam hanya 200ribu rupiah, tapi ternyata dapat sarapan simple aja. Mungkin bisa ditambahkan pilihan sarapan yg lebih lengkap seperti di platform travel sebelah;0;0;0;1
2x nginap disini dan masih tetap OK dari segi pelayanan,kebersihan,dll. Nilai + karna dekat banget dari rumah jadi liburan ga perlu jauh2 apalagi masa pandemi gini.. Bakalan balik lagi.. lagi.. lagi dan lagi.. ??;1;0;1;0
lumayan Bagus cm sprti kamar model lama;0;1;0;0
service dan pelayanan yg memuaskan. sangat ramah;1;0;0;0
Kamarnya nyaman, view nya juga oke banget ??????????;0;1;0;0
luar biasa. kamar bagus dan pelayanan sangat baik;1;1;0;0
Kamar yang nyaman dan bersih;0;1;1;0
suka sama semua hanya saja breakfast harus pilih paket bukan prasmanan. jd gak banyak pilihan.;0;0;0;1
fasilitas ok dan kenyamanannya sangat bagus;0;1;0;0
Nasi Goreng Kampungnya Enak;0;0;0;1
Mantaaaabs sekali....;0;0;0;0
Bagus. Kekurangan: Lampu kamarnya kurang nyaman, warna kuning /warm. Sebaiknya ada lampu yg putih juga seperti yg di kamar mandinya.;0;1;0;0
biasa aja ga ada yg istimewa FO kalo yg cewek. kaku sekali ga bisa fleksibel ,;1;0;0;0
worth it.. puas dgn harga ekonomis. cuma pelayanan semua petugasnya saja yg masih perlu di briefing untuk lebih ramah tersenyum hangat dan tanggap terhafapa tamu. jgn cuek dan flat tdk ramah. terima kasih;1;0;0;0
mantabbbbbbbbbbbb betul;0;0;0;0
nyaman banget, bersih, rapi. pokoknya worth it banget untuk staycation;0;1;1;0
udah sering bgt disini;0;0;0;0
Menu sarapan nya kurang banget ya dibanding hotel lain yang seharga segitu. Pilihan cm boleh 1 menu aja. Tempat tidur nya kurang bagus..tiap gerak bunyi2 gt. Satu lagi..telpon ke cs or resepsionis gada yg angkat;1;1;0;1
selalu seneng tiap kesini;0;0;0;0
terbaik dengan harga terbaik;0;0;0;0
Harga kamar lumayan murah dapet promo dari tiket.com. Kamar bersih walaupun kecil. Cuma anterian check in panjang banget dan staff nya cm satu ditambah lagi ac lobi ga ada. Duh kesel banget. Pesen makanan lumayan enak tapi harga ny untuk dihotel ini terbilang mahal.;1;0;1;1
Tempat parkir motor jauh, Reseptionis kurang ramah , Ac ga dingin, Satpamnya doang yg ramah.;1;1;0;0
ah mantappppppppppppppppppp;0;0;0;0
bagus semuanya, bersih, makanannya lumayan tapi bukan buffet sangat di sayangkan. Saran kalo bisa tambahin minimarket di bawah karna jauh banget buat beli keperluan mendadak.;0;1;1;1
Lokasi bagus, fasilitas bagus, bersih, mantaplah. Hanya susah kalau mau cari makan. The best choice makan di hotel atau pesan makanan pakai ojol. Overall Puas.;0;1;1;1
udah 2x staycation disini. bagus bgt sukak dan bersih;0;0;0;0
Makanan atau breakfastnya untuk ketoprakmya , lontongnya lembek;0;0;0;1
bagus..hotel bersih;0;0;1;0
Check in jam 16.00 tapi kamar belum ready dan disuruh nunggu sejam an.. Untung boleh pake pool duluan, baru masuk kamar. Dan dikasih kamar dengan view menghadap jalan tol, bagus pas malam hari.. Kamar ok, bersih dan lebih luas daripada di gambar. Kamar mandi lucu dengan design kapsul, air panas ok.. Hanya kulkas yang ngga dingin sama sekali.. Dan paling parah AC KAMAR PANAS, ASLI BIKIN GA BISA TIDUR KARENA GERAH.. Pool okay, bersih dan bebas keluar masuk.. Sarapan ala carte dengan pilihan nasi uduk, soto ayam, ketoprak, roti bakar. But taste masih okay. Secara beli promo gledek, mayan laah.. But to stay at this hotel with their normal price, no way.. Cuma menang di pool dan deket arah bandara halim. Cari makan sekitar susah, cuma bisa grabfood an ajah.. Perlu diperhatikan lagi kenyamanan AC nya, mending bobo di rumah kalo AC nya kaya gitu sih.. But anyway thanks for the hospitality, pegawainya ramah2;1;1;1;1
Kamar cukup nyaman dan bersi. Tapi sarapan kurang biasa;0;1;1;1
Selalu jadi pilihan untuk staycation;0;0;0;0
bagus,apik ramah sekali pegawai;1;0;0;0
Pelayanannya cepat, ramah, kamar mandinya unik seperti di kapsul gitu, minusnya acnya kurang dingin aja sisanya bagus bgt dan rekomendasi buat nginep;1;1;1;0
lokasi & fasilitas oke;0;1;0;0
fasilitas dikamar cukup lengkap, kebersihan perlu ditingkatkan;0;1;1;0
harga ok, kamar ok hanya mmg kecil.... tapi nyaman loh ga berisik mobil padahal di deket jalan utama;0;1;0;0
Kamarnya luas Bersih Staff ramah Cozy banget deh pokoknya Dan aplikasi ini tuu gila bgt, hotel senyaman itu tapi harganya terjangkau bgt;1;0;1;0
Okeeeeeeeeeeeeeeeeee;0;0;0;0
Bagus.. hanya antrian mau check in yg panjang, selain itu okee....;1;0;0;0
harga murah tapi kamar bagus dan pelayanan bagus;1;1;0;0
mungkin jika pada saat cek in, reseptionisnya ditambah orangnya agar tidak terlalu lama mengantri untuk cek.in;1;0;0;0
bagussssssssssssssss;0;0;0;0
tidak pernah mengecewakan;0;0;0;0
bersih, oke lah pokoknya;0;0;1;0
kulkas kurang dingin;0;1;0;0
overall bagus semuanya.. tapi ya makanannya tidak prasmanan.. hanya 1org 1menu;0;0;0;1
Bagus hotelnya. Dapet harga promo.;0;0;0;0
Cakep. Kemarin dapet harga bagus. Makasih tiket. Com;0;0;0;0
Tempat nya nyaman . . ruangan nya lumayan luas juga Bersih .;0;1;1;0
betah banget disini. smua staff ramah;1;0;0;0
Tempat strategis, harga sangat terjangkau oek banget;0;0;0;0
Jam buka kolam renang tidak sesuai dgn jadwal yg tertulis.;0;1;0;0
airpanas dikamar mandi tidak stabil. sarapan sangan minimalis.;0;1;0;1
bagussssssssssssssss;0;0;0;0
Kamar bagus dan bersih. Pelayanan juga baik dan ramah2 perugasnya;1;1;1;0
Karena memesankan tempat untuk anakku. Kata anakku, Alhamdulillaah baik hotelnya. Hanya air panasnya panas dingin panas dingin. Sama wifinya lemot itu aja. Lainnya OK. Terimakasih.;0;1;0;0
Recommended buat stay, overall pelayanan ramah.;1;0;0;0
bersih dan nyaman banget;0;0;1;0
lokasi strategis dan harganya sesuai. hanya saja kamar mandi kurang bersih;0;0;1;0
lumayan hotel untuk ukuran bintang 3;0;0;0;0
Resepsionis cewe yang tinggi jutek banget ngomongnya, ga cocok jadi front desk;1;0;0;0
Udah ke 10 kali lbh saya stay cation d sini semoga dpt reward dr hotel ini ?????? di tingkatkan trs kualitas dan keramahan pegawainy y;1;0;0;0
Nice bagus harga bagus fasilitas bagus;0;1;0;0
Hotel bersih, rapi, makanan juga enak;0;0;1;1
Hotel ok harga ok lokasi ok;0;0;0;0
good service ga pernah bosen buat nginep disini;1;0;0;0
hotel nyaman,wifi kenceng, lokasi strategis;0;1;0;0
recomended banget, tempatnya nyaman buat staycation...;0;0;0;0
Harga murah + promo dari tiket.com Fasilitas bagus untuk hotel bintang 3 Kebersihan baik Hanya yang lebih di tingkatkan pelayanan staff, agar lebih ramah dan antusias jika berkomunikasi dengan tamu.;1;1;1;0
kamar bersih. dan nyaman buat istirahat;0;1;1;0
kamar bersih dan nyaman;0;1;1;0
kamar bersih, cuma karena masa pandemic jd mknan y gak bnyk pilihan;0;0;1;1
Bagus sentral cawang terbaik;0;0;0;0
Sejak masuk kamar, saya minta housekeeping untuk perbaikan shower, sampai saya cek out tidak kunjung diperbaiki. Paket kamar dan breakfast di tiket.com ternyata dibedakan dengan paket sarapan di front office. Sangat tidak enak dan tidak nyaman karena perlakuan yang berbeda itu.;1;1;0;1
suka. dulunya namanya ibis.;0;0;0;0
Harga ok, lokasi ok, kebersihan ok;0;0;1;0
walaupun menginap cuma semalam tapi mendapatkan pengalaman yg cukup menyenangkan dari keramahan staffnya, kerapihan dan kebersihan kamarnya, yg paling penting untuk harganya benar benar terjangkau bgt.;1;1;1;0
Harga ok, tempat strategis, kebersihan ok tapi salah satu FO wanita benar benar jutek dalam melayani ditanya baik baik menjawab dengan nada kurang mengenakan;1;0;1;0
bersih dan okeeyy. vvvv;0;0;0;0
bagus..nyaman.harga terjangkau;0;0;0;0
Hotel bagus dan strategis.;0;0;0;0
pelayanannya sangat memuaskan staf y ramah2 pokok y sya 2 malam nginap dihotel central bersama keluarga sangat puas;1;0;0;0
bagus...bersih tempatnya;0;0;0;0
Kamarnya wangi, AC nya dingin, kamarnya bersih;0;1;1;0
Oke banget lah hotelnya bagus rapi bersih;0;0;1;0
Masih seperti ibis walaupun sdh berganti nama semua fasilitas tdk ada yg berubah tetap oke;0;1;0;0
Lokasi sangat strategis & bersih;0;0;1;0
Udh ke 10 kl lebihny sy ambil hotel ini puassss bgt thx bgt y;0;0;0;0
Sangat Nyaman untuk ditempatin;0;0;0;0
kamarnya bagus, kamar mandi nya unik kaya di pesawat. harganya terjangkau banget makanan enak sayang cuma di kasih 1 menu/tamu coba kalau prasmanan tambah oke lagi;0;1;0;1
Lokasi strategis, hotel bersih, kolam renang luas, hanya saja parkirannya outdoor. Untuk yang membawa motor parkirnya agak jauh. Di sekeliling tidak ada minimarket dan penjual makanan.;0;1;1;0
Semuanya bagus kecuali sistem parkiran nya yang belum terintegrasi dengan baik sehingga saya butuh waktu lagi buat jalan bolak balik parkiran buat daftarin plat kendaraan saya;0;1;0;0
great service. lokasi bagus. check in dan check out proses nya cepet. Kemarin request late checkout jg d perbolehkan.;1;0;0;0
semua ok kecuali makanannya kurang bgt;0;0;0;1
Lokasinya strategis, kamar bersih nyaman petugas ramah;1;0;1;0
Hotelnya nyaman, bersih, dan enak????;0;0;1;0
Lobby hotelnya keren. keseluruhan kamar pelayanan good sekalii, minus kulkas gak dingin dan pendinginnya ruangan tidak terlalu berasa. Terima kasih;1;1;0;0
Hotel ex Ibis, fasilitas bagus. Sedikit masalah karna ada kesalahpahaman saat registrasi parking ticket, tapi respon cepat. Recommended untuk short trip atau bisnis;1;1;0;0
bersih. dan strategis sekali lokasiny;0;0;1;0
Kebersihan dan pelayanann bagus kok saya suka sekali;1;0;1;0
untuk lokasi sangat strategis;0;0;0;0
oke banget karena ini untuk kesekian kalinya nginep disini, tapi kemarin pas mau check in ngantri gitu padahal biasanya gak gitu :);1;0;0;0
ketinggalan beberapa barang tapi masih ada ketika besoknya kami menghubungi pihak hotel;1;0;0;0
kamar rapi,pelayanan bagus;1;1;0;0
Kamar bersih ac kurang dingin karna smoking room;0;1;1;0
kamar mandi agak bau. tidak adanya handuk.;0;1;0;0
karyawan nya ramah. AC kamar kurang dingin;1;1;0;0
mantap hotelnya sangat strategis;0;0;0;0
Hotel Yang sangat nyaman dengan harga yang sangat terjangkau karena promo dri tiket.com;0;0;0;0
Bagus sesuai dgn harganya. Pelayanannya juga ramah & cepat.;1;0;0;0
murah berkualitas...;0;0;0;0
sangat bersih, rapih, staff sangat ramah;1;0;1;0
Lokasi sangat strategis;0;0;0;0
pelayanan nya oke, ramah;1;0;0;0
Saya suka nginap disini, lokasi sangat strategis;0;0;0;0
bagusssssssssssssssss;0;0;0;0
Overall bagus kok hotel nya cuma emng dekat2 situ jauh dr tempat kuliner;0;0;0;0
mantap buat istirahat;0;0;0;0
kamar bersih, nyaman, strategis, staf ramah;1;1;1;0
mantapp.. kamar baik;0;1;0;0
secara umum ok, tp agak kurang nyaman.makananya stamdard bgt. agak hambar;0;0;0;1
overall oke, hotel nagus, nyaman;0;0;0;0
Banyak yg perlu diperbaiki. Termasuk kamar baunya kurang sedap dan ac tidak begitu dingin. Pelayanan juga kurang tanggap.;1;1;0;0
Telepon hotel susah di angkat. Bahkan sampai sudah check in dan telp ke operator atau receptionpun masih susah untuk diangkat;1;0;0;0
wifi bermasalah tengah malam terus ga ngasih jus waktu sarapan;0;1;0;1
ok... pelayanan sangat baik;1;0;0;0
Di tingkatkan terutama untuk AC centralnya terasa panas;0;1;0;0
nyaman dan nyenyak, lokasi strategis;0;0;0;0
pelayanannya memuaskan,ramah juga.;1;0;0;0
sumpah sih ini dgn harga yg lumayan mrh fasilitas dan kebersihannya TOP BGT.....;0;1;1;0
suka dengan tempat nya;0;0;0;0
hmm ac nya kurang dingin, cuma terasa sejuk;0;1;0;0
good, ga nyesel nyoba worth it deh;0;0;0;0
nyamannnn;0;0;0;0
sipppppppppppp;0;0;0;0
Kamar rapi dan kamar mandi bersih;0;1;1;0
Pengalaman kedua menginap disini Kamarnya lebih baik, kolam renangnya bagus airnya kolamnya hangat, kulkas dikamar sebelumnya gak dingin, sekarang dingin, cuman kalau mau cari makan makan keluar susah palingan order online;0;1;0;1
pelayannya bagus dan fasilitas oke;1;1;0;0
kamar bersih. kamar wangi. parkiran lebar;0;1;1;0
cocok buat liburan;0;0;0;0
Petugas nya ramah Kamar bersih Dan ada fasilitas setrikaan dong by request ya;1;1;0;0
Kamarnya bersih dan nyaman.;0;1;1;0
Keliatannya kamarnya gede, tp ternyata kecil yah.. Tempat bersih, makanan enak, lokasi strategis;0;1;1;1
honeyday yang menyenangkan;0;0;0;0
hotelnya bagus, bersih, ruangannya simpel tapi nyaman, channel tv lumayan banyak, recomended untuk hotel sekitar cawang;0;1;1;0
kamarnya bersih, staf nya ramah;1;0;1;0
Keren tempatnya sayangnya gak sempet nyoba makanannya guys;0;0;0;0
Ramah bagus okelah ,tingkatkan ya;1;0;0;0
nyaman dan aman, bersih;0;1;1;0
lumayan baik, cuma akses parkir agak susah;0;1;0;0
Terbaik.. Harga Murah.. Pelayanan Bagus;1;0;0;0
????? bersih, nyaman, staff ramah, fasilitas cukup lengkap, utk harga segini hotel ini TOP banget ????;1;1;1;0
ac nya ga berasa dingin alias panas,kolam renang kotor parah,tolong jgn cm perhatikan lobby saja,,tp kolam tdk terurus;0;1;1;0
kamar bersih, kamar mandi bersih, okelah;0;1;1;0
nyaman lokasi strategis;0;0;0;0
Resepsionis pelayanan sangat ramah dan sopan, makanan super enak , kamar bersih dan nyaman ..;1;1;1;1
desain kamar ya minimalis, fasilitas oke, kebersihan oke, cuman sayang kulkas di kamarnya kurang dingin;0;1;1;0
kalau bisa free parkir;0;1;0;0
Kamarnya rapih bersih dekat bandara halim;0;0;1;0
keseluruhan sih baguss, tapi gatau kenapa pas hari itu staycation listriknya suka tbtb mati sendiri di kamar 703, nyala mati sendiri dan itu kejadiannya sering;0;1;0;0
oke banget, semoga bisa kesini lagi.;0;0;0;0
nyaman, enak dan bersih;0;0;1;0
Hotelnya nyaman, cuma aku ga bgtu suka dengan model kamar mandi tabung agak sempit;0;1;0;0
Lumayan srategis tempatnya;0;0;0;0
tempatnya strategis. parkirannya lebar;0;0;0;0
Selalu jadi tempat favorit;0;0;0;0
Bersih..Aman.. dan nyaman;0;0;0;0
baigus harga cukup murah;0;0;0;0
good, hotel nyaman dan tidak kotor;0;0;1;0
hotel bagus, semuanya ok kecuali parkiran basement nuju lobby harus lewat jalur mobil dan kena hujan krn tngga selalu dikunci...;0;1;0;0
order yg kedua mantaapp;0;0;0;0
Kamarnya lebih besar dr yg di gambar.. nyaman dan bersiihhh.. Saya menginap 2 malam disana (staycation), hr pertama sy d kamar yg double bed (kamar 1515), tp t4 tidurnya berderiitt beriisiikk banget, utk d dudukin aja berderit, jd tidur gk nyenyak semalaman. paginya sy minta pindah kamar, d lantai yg sama tp minta yy twins bed. Naahh enak t4 tidurnya. Tidur nyenyaaakk hingga besoknya. kamar mandi model kapsul, kecil tpi OKE BANGEETT.. semuanya okee, berssiihh.. Viewnya juga OK punya (minta lantai atas). rekomendasi utk Staycation ??????;1;1;1;0
mantap murah dan berkualitas;0;0;0;0
luar biasa nyaman tempat nya sejuk;0;0;0;0
Udah 2x nginep di sini. Paling asik kolam renangnya. Love it definetaly will come back;0;1;0;0
Tempat bersih dan nyaman...;0;0;1;0
Oke bangeeetttt & lokasi sangat strategis;0;0;0;0
Tempat favorit untuk staycation;0;0;0;0
Murah, oke, bersih pokonya rekomen;0;0;1;0
bagussss bersih pelayanan jga lumayan. kamarrrrr okeee bangetttt semua berfungsi dengan baikkkk ???????? tiket.com keren service nya;1;1;1;0
Mantabbbbbbbbbbbbbbbbb;0;0;0;0
tempat bagus staf ramah;1;0;0;0
tempat nyaman untuk staycation;0;0;0;0
Cukup baik dan cukup bagus;0;0;0;0
INI hotel ibis cawang sebelumnya, dan lokasi strategis, ruangan sangat bersih, kamar mandi bersih dan airpanas baik. Ac sangat baik, sekeluarga puas, Petugas FO mba Nurul dan yg pria juga sangat baik, saat kami butuh kursi roda disediakan dengan cepat. terimakasih buat pelayanannya. highly recommended.;1;1;1;0
Semuanya oke. Lokasi sangat dekat dengan bandara Halim;0;0;0;0
sukak karena ada gulingnya;0;1;0;0
bagus bagus bagus bagus;0;0;0;0
Super nyaman sangat recommended;0;0;0;0
lokasi strategis, kebersihan dan fasilitas bagus;0;1;1;0
makanan enak, kamar oke;0;1;0;1
kamar bersih, lokasi strategis;0;1;0;0
Service nya bagus, dekat dengan supermarket dan stasiun cawang;1;0;0;0
wah awesome banget deh;0;0;0;0
nyaman. strategis dan aman;0;0;0;0
Lokasi sangat strategis kamarnya nyaman;0;1;0;0
Kamarnya bersih, overall ok;0;0;1;0
Kulkas ga dingin, tapi sisanya oke banget. Value for money bgtt. Tempatnya nyamann dan strategis;0;1;0;0
okee semua. bersih. nyaman. worth it;0;0;1;0
mantap sekali jadinya kepengen lagi;0;0;0;0
Sarapannya kurang wogeh, karena tidak prasmanan;0;0;0;1
Secara umum bagus ??, tp kalo pengen makan di luar ketika bosen makan di hotel, jauh ??;0;1;0;0
staff ramah jauh dari Indomaret;1;1;0;0
Harga terjangkau dan hotelnya bagus, lokasi strategis cuma namanya kurang terlihat kalau yg tidak teliti bisa kelewatan;0;0;0;0
hotelnya nyaman, pelayanannya baik sehingga membuat ingin kembali kesini;1;0;0;0
Kualita pelayanan yang sangat baik;1;0;0;0
pas masuk kamar ga perlu nyalain ac, udah dingin. dapet kamar view nya kolam renang. asikk banget. kamar mandinya gak luas tapi lucu kaya dikapal. recommended lah;0;1;0;0
AC TIDAK DINGIN . UDAH SERING DISINJ TAPI TIDAK JUGA DIPERBAIKI;0;1;0;0
proses check in yg lumayan antri, protokol kesehatan yg baik, saat di tap pintu tdk dpt dibuka akhirnya minta pindah kamar lain, pelayanan reception wanita cukup baik dan ramah, tapi semua reception pria kurang baik trhdp tamu ketika saya mau meminta reservasi free parking kendaraan malah dilempar ke reception pria satunya dan akhirnya balik lagi ke dia jd seperti dipimpong, tolong management lebih diperhatikan manner front office pria nya. view bagus dan fasilitas memadai, worth dgn harganya. mgkn pelayanan lain lbh ditingjatkan lagi seperti maintenance gedung krn bekas hotel ibis. thanks sentral cawang;1;1;0;0
nyaman dan cukup oke;0;0;0;0
nyaman dan ga pernah bosen nginep disini;0;0;0;0
mantap recomend beet;0;0;0;0
kamar bersih dan pelayanan bagus;1;0;1;0
lokasi strategis, kebersihan kamar cukup baik, petugas hotel ramah, fasilitas yang ada cukup lengkap. cocok buat yang mau staycation di sini.;1;1;1;0
parkir luas, kamar nyaman;0;1;0;0
Kamar sempit apalagi toiletnya seperti toilet kapsul. Untuk harga standart, ac dingin. Strategis sih tempatnya;0;1;0;0
Nyaman tempatnya, ac dingin cuma ruangannya sempit apalagi kamar mandinya. Saya nginep disini karena mama dirawat di RSPON dan tidak boleh ditunggu dirumah sakit, ruangan khusus jadi hotel paling dekat ya disini.;0;1;0;0
lokasi sangat deket pusat kota. varian sarapan lumayan enak dan bnyak walaupun tidak ada buffet dikarenakan sedang pandemik.kamar bersih dan cukup luas. harga sangat affrordable, so far so comfy stay disana.;0;1;1;1
semua nya ok recomended, cuma kadang suara dari ruangan sebelah terdengar kedalam.;0;0;0;0
hotel yang nyaman, strategis, menu sarapan variatif, bubur ayam dan nasi goreng enak, tapi soto Betawinya terlalu asin, walau sudah ditambah nasi sambal dan kecap. untuk tamu tanyakan password WiFi dan daftarkan nomer kendaraan di resepsionis, karena saat chek in tidak diinformasikan sejak awal. overall nyaman lah.;0;1;0;1
Fasilitasnya OK ?? Makanannya Lumayan.. Pasti nanti nginap lagi disini ??;0;1;0;1
bagus bersih nyaman pelayanan ramah..harga terjangkau...pokok nya nyaman banget????;1;0;1;0
Klo untuk bawa keluarga bagus banget ..;0;0;0;0
lihat sunset di hotel keren banget..;0;0;0;0
2x nginep di sini tuh gak mengecewakan. staffnya ramah, viewnya oke, kamar bersih. rcmnd bgt pokonya!;1;0;1;0
Lokasinya gampang dicari, kamarnya bersih;0;0;1;0
